Date,Adj Close,Close,High,Low,Open,Volume
2014-09-17,,,,,,
2014-09-18,,,,,,
2014-09-19,,,,,,
2014-09-20,,,,,,
2014-09-21,,,,,,
2014-09-22,,,,,,
2014-09-23,,,,,,
2014-09-24,,,,,,
2014-09-25,,,,,,
2014-09-26,,,,,,
2014-09-27,,,,,,
2014-09-28,,,,,,
2014-09-29,,,,,,
2014-09-30,,,,,,
2014-10-01,,,,,,
2014-10-02,,,,,,
2014-10-03,,,,,,
2014-10-04,,,,,,
2014-10-05,,,,,,
2014-10-06,,,,,,
2014-10-07,,,,,,
2014-10-08,,,,,,
2014-10-09,,,,,,
2014-10-10,,,,,,
2014-10-11,,,,,,
2014-10-12,,,,,,
2014-10-13,,,,,,
2014-10-14,,,,,,
2014-10-15,,,,,,
2014-10-16,,,,,,
2014-10-17,,,,,,
2014-10-18,,,,,,
2014-10-19,,,,,,
2014-10-20,,,,,,
2014-10-21,,,,,,
2014-10-22,,,,,,
2014-10-23,,,,,,
2014-10-24,,,,,,
2014-10-25,,,,,,
2014-10-26,,,,,,
2014-10-27,,,,,,
2014-10-28,,,,,,
2014-10-29,,,,,,
2014-10-30,,,,,,
2014-10-31,,,,,,
2014-11-01,,,,,,
2014-11-02,,,,,,
2014-11-03,,,,,,
2014-11-04,,,,,,
2014-11-05,,,,,,
2014-11-06,,,,,,
2014-11-07,,,,,,
2014-11-08,,,,,,
2014-11-09,,,,,,
2014-11-10,,,,,,
2014-11-11,,,,,,
2014-11-12,,,,,,
2014-11-13,,,,,,
2014-11-14,,,,,,
2014-11-15,,,,,,
2014-11-16,,,,,,
2014-11-17,,,,,,
2014-11-18,,,,,,
2014-11-19,,,,,,
2014-11-20,,,,,,
2014-11-21,,,,,,
2014-11-22,,,,,,
2014-11-23,,,,,,
2014-11-24,,,,,,
2014-11-25,,,,,,
2014-11-26,,,,,,
2014-11-27,,,,,,
2014-11-28,,,,,,
2014-11-29,,,,,,
2014-11-30,,,,,,
2014-12-01,,,,,,
2014-12-02,,,,,,
2014-12-03,,,,,,
2014-12-04,,,,,,
2014-12-05,,,,,,
2014-12-06,,,,,,
2014-12-07,,,,,,
2014-12-08,,,,,,
2014-12-09,,,,,,
2014-12-10,,,,,,
2014-12-11,,,,,,
2014-12-12,,,,,,
2014-12-13,,,,,,
2014-12-14,,,,,,
2014-12-15,,,,,,
2014-12-16,,,,,,
2014-12-17,,,,,,
2014-12-18,,,,,,
2014-12-19,,,,,,
2014-12-20,,,,,,
2014-12-21,,,,,,
2014-12-22,,,,,,
2014-12-23,,,,,,
2014-12-24,,,,,,
2014-12-25,,,,,,
2014-12-26,,,,,,
2014-12-27,,,,,,
2014-12-28,,,,,,
2014-12-29,,,,,,
2014-12-30,,,,,,
2014-12-31,,,,,,
2015-01-01,,,,,,
2015-01-02,,,,,,
2015-01-03,,,,,,
2015-01-04,,,,,,
2015-01-05,,,,,,
2015-01-06,,,,,,
2015-01-07,,,,,,
2015-01-08,,,,,,
2015-01-09,,,,,,
2015-01-10,,,,,,
2015-01-11,,,,,,
2015-01-12,,,,,,
2015-01-13,,,,,,
2015-01-14,,,,,,
2015-01-15,,,,,,
2015-01-16,,,,,,
2015-01-17,,,,,,
2015-01-18,,,,,,
2015-01-19,,,,,,
2015-01-20,,,,,,
2015-01-21,,,,,,
2015-01-22,,,,,,
2015-01-23,,,,,,
2015-01-24,,,,,,
2015-01-25,,,,,,
2015-01-26,,,,,,
2015-01-27,,,,,,
2015-01-28,,,,,,
2015-01-29,,,,,,
2015-01-30,,,,,,
2015-01-31,,,,,,
2015-02-01,,,,,,
2015-02-02,,,,,,
2015-02-03,,,,,,
2015-02-04,,,,,,
2015-02-05,,,,,,
2015-02-06,,,,,,
2015-02-07,,,,,,
2015-02-08,,,,,,
2015-02-09,,,,,,
2015-02-10,,,,,,
2015-02-11,,,,,,
2015-02-12,,,,,,
2015-02-13,,,,,,
2015-02-14,,,,,,
2015-02-15,,,,,,
2015-02-16,,,,,,
2015-02-17,,,,,,
2015-02-18,,,,,,
2015-02-19,,,,,,
2015-02-20,,,,,,
2015-02-21,,,,,,
2015-02-22,,,,,,
2015-02-23,,,,,,
2015-02-24,,,,,,
2015-02-25,,,,,,
2015-02-26,,,,,,
2015-02-27,,,,,,
2015-02-28,,,,,,
2015-03-01,,,,,,
2015-03-02,,,,,,
2015-03-03,,,,,,
2015-03-04,,,,,,
2015-03-05,,,,,,
2015-03-06,,,,,,
2015-03-07,,,,,,
2015-03-08,,,,,,
2015-03-09,,,,,,
2015-03-10,,,,,,
2015-03-11,,,,,,
2015-03-12,,,,,,
2015-03-13,,,,,,
2015-03-14,,,,,,
2015-03-15,,,,,,
2015-03-16,,,,,,
2015-03-17,,,,,,
2015-03-18,,,,,,
2015-03-19,,,,,,
2015-03-20,,,,,,
2015-03-21,,,,,,
2015-03-22,,,,,,
2015-03-23,,,,,,
2015-03-24,,,,,,
2015-03-25,,,,,,
2015-03-26,,,,,,
2015-03-27,,,,,,
2015-03-28,,,,,,
2015-03-29,,,,,,
2015-03-30,,,,,,
2015-03-31,,,,,,
2015-04-01,,,,,,
2015-04-02,,,,,,
2015-04-03,,,,,,
2015-04-04,,,,,,
2015-04-05,,,,,,
2015-04-06,,,,,,
2015-04-07,,,,,,
2015-04-08,,,,,,
2015-04-09,,,,,,
2015-04-10,,,,,,
2015-04-11,,,,,,
2015-04-12,,,,,,
2015-04-13,,,,,,
2015-04-14,,,,,,
2015-04-15,,,,,,
2015-04-16,,,,,,
2015-04-17,,,,,,
2015-04-18,,,,,,
2015-04-19,,,,,,
2015-04-20,,,,,,
2015-04-21,,,,,,
2015-04-22,,,,,,
2015-04-23,,,,,,
2015-04-24,,,,,,
2015-04-25,,,,,,
2015-04-26,,,,,,
2015-04-27,,,,,,
2015-04-28,,,,,,
2015-04-29,,,,,,
2015-04-30,,,,,,
2015-05-01,,,,,,
2015-05-02,,,,,,
2015-05-03,,,,,,
2015-05-04,,,,,,
2015-05-05,,,,,,
2015-05-06,,,,,,
2015-05-07,,,,,,
2015-05-08,,,,,,
2015-05-09,,,,,,
2015-05-10,,,,,,
2015-05-11,,,,,,
2015-05-12,,,,,,
2015-05-13,,,,,,
2015-05-14,,,,,,
2015-05-15,,,,,,
2015-05-16,,,,,,
2015-05-17,,,,,,
2015-05-18,,,,,,
2015-05-19,,,,,,
2015-05-20,,,,,,
2015-05-21,,,,,,
2015-05-22,,,,,,
2015-05-23,,,,,,
2015-05-24,,,,,,
2015-05-25,,,,,,
2015-05-26,,,,,,
2015-05-27,,,,,,
2015-05-28,,,,,,
2015-05-29,,,,,,
2015-05-30,,,,,,
2015-05-31,,,,,,
2015-06-01,,,,,,
2015-06-02,,,,,,
2015-06-03,,,,,,
2015-06-04,,,,,,
2015-06-05,,,,,,
2015-06-06,,,,,,
2015-06-07,,,,,,
2015-06-08,,,,,,
2015-06-09,,,,,,
2015-06-10,,,,,,
2015-06-11,,,,,,
2015-06-12,,,,,,
2015-06-13,,,,,,
2015-06-14,,,,,,
2015-06-15,,,,,,
2015-06-16,,,,,,
2015-06-17,,,,,,
2015-06-18,,,,,,
2015-06-19,,,,,,
2015-06-20,,,,,,
2015-06-21,,,,,,
2015-06-22,,,,,,
2015-06-23,,,,,,
2015-06-24,,,,,,
2015-06-25,,,,,,
2015-06-26,,,,,,
2015-06-27,,,,,,
2015-06-28,,,,,,
2015-06-29,,,,,,
2015-06-30,,,,,,
2015-07-01,,,,,,
2015-07-02,,,,,,
2015-07-03,,,,,,
2015-07-04,,,,,,
2015-07-05,,,,,,
2015-07-06,,,,,,
2015-07-07,,,,,,
2015-07-08,,,,,,
2015-07-09,,,,,,
2015-07-10,,,,,,
2015-07-11,,,,,,
2015-07-12,,,,,,
2015-07-13,,,,,,
2015-07-14,,,,,,
2015-07-15,,,,,,
2015-07-16,,,,,,
2015-07-17,,,,,,
2015-07-18,,,,,,
2015-07-19,,,,,,
2015-07-20,,,,,,
2015-07-21,,,,,,
2015-07-22,,,,,,
2015-07-23,,,,,,
2015-07-24,,,,,,
2015-07-25,,,,,,
2015-07-26,,,,,,
2015-07-27,,,,,,
2015-07-28,,,,,,
2015-07-29,,,,,,
2015-07-30,,,,,,
2015-07-31,,,,,,
2015-08-01,,,,,,
2015-08-02,,,,,,
2015-08-03,,,,,,
2015-08-04,,,,,,
2015-08-05,,,,,,
2015-08-06,,,,,,
2015-08-07,,,,,,
2015-08-08,,,,,,
2015-08-09,,,,,,
2015-08-10,,,,,,
2015-08-11,,,,,,
2015-08-12,,,,,,
2015-08-13,,,,,,
2015-08-14,,,,,,
2015-08-15,,,,,,
2015-08-16,,,,,,
2015-08-17,,,,,,
2015-08-18,,,,,,
2015-08-19,,,,,,
2015-08-20,,,,,,
2015-08-21,,,,,,
2015-08-22,,,,,,
2015-08-23,,,,,,
2015-08-24,,,,,,
2015-08-25,,,,,,
2015-08-26,,,,,,
2015-08-27,,,,,,
2015-08-28,,,,,,
2015-08-29,,,,,,
2015-08-30,,,,,,
2015-08-31,,,,,,
2015-09-01,,,,,,
2015-09-02,,,,,,
2015-09-03,,,,,,
2015-09-04,,,,,,
2015-09-05,,,,,,
2015-09-06,,,,,,
2015-09-07,,,,,,
2015-09-08,,,,,,
2015-09-09,,,,,,
2015-09-10,,,,,,
2015-09-11,,,,,,
2015-09-12,,,,,,
2015-09-13,,,,,,
2015-09-14,,,,,,
2015-09-15,,,,,,
2015-09-16,,,,,,
2015-09-17,,,,,,
2015-09-18,,,,,,
2015-09-19,,,,,,
2015-09-20,,,,,,
2015-09-21,,,,,,
2015-09-22,,,,,,
2015-09-23,,,,,,
2015-09-24,,,,,,
2015-09-25,,,,,,
2015-09-26,,,,,,
2015-09-27,,,,,,
2015-09-28,,,,,,
2015-09-29,,,,,,
2015-09-30,,,,,,
2015-10-01,,,,,,
2015-10-02,,,,,,
2015-10-03,,,,,,
2015-10-04,,,,,,
2015-10-05,,,,,,
2015-10-06,,,,,,
2015-10-07,,,,,,
2015-10-08,,,,,,
2015-10-09,,,,,,
2015-10-10,,,,,,
2015-10-11,,,,,,
2015-10-12,,,,,,
2015-10-13,,,,,,
2015-10-14,,,,,,
2015-10-15,,,,,,
2015-10-16,,,,,,
2015-10-17,,,,,,
2015-10-18,,,,,,
2015-10-19,,,,,,
2015-10-20,,,,,,
2015-10-21,,,,,,
2015-10-22,,,,,,
2015-10-23,,,,,,
2015-10-24,,,,,,
2015-10-25,,,,,,
2015-10-26,,,,,,
2015-10-27,,,,,,
2015-10-28,,,,,,
2015-10-29,,,,,,
2015-10-30,,,,,,
2015-10-31,,,,,,
2015-11-01,,,,,,
2015-11-02,,,,,,
2015-11-03,,,,,,
2015-11-04,,,,,,
2015-11-05,,,,,,
2015-11-06,,,,,,
2015-11-07,,,,,,
2015-11-08,,,,,,
2015-11-09,,,,,,
2015-11-10,,,,,,
2015-11-11,,,,,,
2015-11-12,,,,,,
2015-11-13,,,,,,
2015-11-14,,,,,,
2015-11-15,,,,,,
2015-11-16,,,,,,
2015-11-17,,,,,,
2015-11-18,,,,,,
2015-11-19,,,,,,
2015-11-20,,,,,,
2015-11-21,,,,,,
2015-11-22,,,,,,
2015-11-23,,,,,,
2015-11-24,,,,,,
2015-11-25,,,,,,
2015-11-26,,,,,,
2015-11-27,,,,,,
2015-11-28,,,,,,
2015-11-29,,,,,,
2015-11-30,,,,,,
2015-12-01,,,,,,
2015-12-02,,,,,,
2015-12-03,,,,,,
2015-12-04,,,,,,
2015-12-05,,,,,,
2015-12-06,,,,,,
2015-12-07,,,,,,
2015-12-08,,,,,,
2015-12-09,,,,,,
2015-12-10,,,,,,
2015-12-11,,,,,,
2015-12-12,,,,,,
2015-12-13,,,,,,
2015-12-14,,,,,,
2015-12-15,,,,,,
2015-12-16,,,,,,
2015-12-17,,,,,,
2015-12-18,,,,,,
2015-12-19,,,,,,
2015-12-20,,,,,,
2015-12-21,,,,,,
2015-12-22,,,,,,
2015-12-23,,,,,,
2015-12-24,,,,,,
2015-12-25,,,,,,
2015-12-26,,,,,,
2015-12-27,,,,,,
2015-12-28,,,,,,
2015-12-29,,,,,,
2015-12-30,,,,,,
2015-12-31,,,,,,
2016-01-01,,,,,,
2016-01-02,,,,,,
2016-01-03,,,,,,
2016-01-04,,,,,,
2016-01-05,,,,,,
2016-01-06,,,,,,
2016-01-07,,,,,,
2016-01-08,,,,,,
2016-01-09,,,,,,
2016-01-10,,,,,,
2016-01-11,,,,,,
2016-01-12,,,,,,
2016-01-13,,,,,,
2016-01-14,,,,,,
2016-01-15,,,,,,
2016-01-16,,,,,,
2016-01-17,,,,,,
2016-01-18,,,,,,
2016-01-19,,,,,,
2016-01-20,,,,,,
2016-01-21,,,,,,
2016-01-22,,,,,,
2016-01-23,,,,,,
2016-01-24,,,,,,
2016-01-25,,,,,,
2016-01-26,,,,,,
2016-01-27,,,,,,
2016-01-28,,,,,,
2016-01-29,,,,,,
2016-01-30,,,,,,
2016-01-31,,,,,,
2016-02-01,,,,,,
2016-02-02,,,,,,
2016-02-03,,,,,,
2016-02-04,,,,,,
2016-02-05,,,,,,
2016-02-06,,,,,,
2016-02-07,,,,,,
2016-02-08,,,,,,
2016-02-09,,,,,,
2016-02-10,,,,,,
2016-02-11,,,,,,
2016-02-12,,,,,,
2016-02-13,,,,,,
2016-02-14,,,,,,
2016-02-15,,,,,,
2016-02-16,,,,,,
2016-02-17,,,,,,
2016-02-18,,,,,,
2016-02-19,,,,,,
2016-02-20,,,,,,
2016-02-21,,,,,,
2016-02-22,,,,,,
2016-02-23,,,,,,
2016-02-24,,,,,,
2016-02-25,,,,,,
2016-02-26,,,,,,
2016-02-27,,,,,,
2016-02-28,,,,,,
2016-02-29,,,,,,
2016-03-01,,,,,,
2016-03-02,,,,,,
2016-03-03,,,,,,
2016-03-04,,,,,,
2016-03-05,,,,,,
2016-03-06,,,,,,
2016-03-07,,,,,,
2016-03-08,,,,,,
2016-03-09,,,,,,
2016-03-10,,,,,,
2016-03-11,,,,,,
2016-03-12,,,,,,
2016-03-13,,,,,,
2016-03-14,,,,,,
2016-03-15,,,,,,
2016-03-16,,,,,,
2016-03-17,,,,,,
2016-03-18,,,,,,
2016-03-19,,,,,,
2016-03-20,,,,,,
2016-03-21,,,,,,
2016-03-22,,,,,,
2016-03-23,,,,,,
2016-03-24,,,,,,
2016-03-25,,,,,,
2016-03-26,,,,,,
2016-03-27,,,,,,
2016-03-28,,,,,,
2016-03-29,,,,,,
2016-03-30,,,,,,
2016-03-31,,,,,,
2016-04-01,,,,,,
2016-04-02,,,,,,
2016-04-03,,,,,,
2016-04-04,,,,,,
2016-04-05,,,,,,
2016-04-06,,,,,,
2016-04-07,,,,,,
2016-04-08,,,,,,
2016-04-09,,,,,,
2016-04-10,,,,,,
2016-04-11,,,,,,
2016-04-12,,,,,,
2016-04-13,,,,,,
2016-04-14,,,,,,
2016-04-15,,,,,,
2016-04-16,,,,,,
2016-04-17,,,,,,
2016-04-18,,,,,,
2016-04-19,,,,,,
2016-04-20,,,,,,
2016-04-21,,,,,,
2016-04-22,,,,,,
2016-04-23,,,,,,
2016-04-24,,,,,,
2016-04-25,,,,,,
2016-04-26,,,,,,
2016-04-27,,,,,,
2016-04-28,,,,,,
2016-04-29,,,,,,
2016-04-30,,,,,,
2016-05-01,,,,,,
2016-05-02,,,,,,
2016-05-03,,,,,,
2016-05-04,,,,,,
2016-05-05,,,,,,
2016-05-06,,,,,,
2016-05-07,,,,,,
2016-05-08,,,,,,
2016-05-09,,,,,,
2016-05-10,,,,,,
2016-05-11,,,,,,
2016-05-12,,,,,,
2016-05-13,,,,,,
2016-05-14,,,,,,
2016-05-15,,,,,,
2016-05-16,,,,,,
2016-05-17,,,,,,
2016-05-18,,,,,,
2016-05-19,,,,,,
2016-05-20,,,,,,
2016-05-21,,,,,,
2016-05-22,,,,,,
2016-05-23,,,,,,
2016-05-24,,,,,,
2016-05-25,,,,,,
2016-05-26,,,,,,
2016-05-27,,,,,,
2016-05-28,,,,,,
2016-05-29,,,,,,
2016-05-30,,,,,,
2016-05-31,,,,,,
2016-06-01,,,,,,
2016-06-02,,,,,,
2016-06-03,,,,,,
2016-06-04,,,,,,
2016-06-05,,,,,,
2016-06-06,,,,,,
2016-06-07,,,,,,
2016-06-08,,,,,,
2016-06-09,,,,,,
2016-06-10,,,,,,
2016-06-11,,,,,,
2016-06-12,,,,,,
2016-06-13,,,,,,
2016-06-14,,,,,,
2016-06-15,,,,,,
2016-06-16,,,,,,
2016-06-17,,,,,,
2016-06-18,,,,,,
2016-06-19,,,,,,
2016-06-20,,,,,,
2016-06-21,,,,,,
2016-06-22,,,,,,
2016-06-23,,,,,,
2016-06-24,,,,,,
2016-06-25,,,,,,
2016-06-26,,,,,,
2016-06-27,,,,,,
2016-06-28,,,,,,
2016-06-29,,,,,,
2016-06-30,,,,,,
2016-07-01,,,,,,
2016-07-02,,,,,,
2016-07-03,,,,,,
2016-07-04,,,,,,
2016-07-05,,,,,,
2016-07-06,,,,,,
2016-07-07,,,,,,
2016-07-08,,,,,,
2016-07-09,,,,,,
2016-07-10,,,,,,
2016-07-11,,,,,,
2016-07-12,,,,,,
2016-07-13,,,,,,
2016-07-14,,,,,,
2016-07-15,,,,,,
2016-07-16,,,,,,
2016-07-17,,,,,,
2016-07-18,,,,,,
2016-07-19,,,,,,
2016-07-20,,,,,,
2016-07-21,,,,,,
2016-07-22,,,,,,
2016-07-23,,,,,,
2016-07-24,,,,,,
2016-07-25,,,,,,
2016-07-26,,,,,,
2016-07-27,,,,,,
2016-07-28,,,,,,
2016-07-29,,,,,,
2016-07-30,,,,,,
2016-07-31,,,,,,
2016-08-01,,,,,,
2016-08-02,,,,,,
2016-08-03,,,,,,
2016-08-04,,,,,,
2016-08-05,,,,,,
2016-08-06,,,,,,
2016-08-07,,,,,,
2016-08-08,,,,,,
2016-08-09,,,,,,
2016-08-10,,,,,,
2016-08-11,,,,,,
2016-08-12,,,,,,
2016-08-13,,,,,,
2016-08-14,,,,,,
2016-08-15,,,,,,
2016-08-16,,,,,,
2016-08-17,,,,,,
2016-08-18,,,,,,
2016-08-19,,,,,,
2016-08-20,,,,,,
2016-08-21,,,,,,
2016-08-22,,,,,,
2016-08-23,,,,,,
2016-08-24,,,,,,
2016-08-25,,,,,,
2016-08-26,,,,,,
2016-08-27,,,,,,
2016-08-28,,,,,,
2016-08-29,,,,,,
2016-08-30,,,,,,
2016-08-31,,,,,,
2016-09-01,,,,,,
2016-09-02,,,,,,
2016-09-03,,,,,,
2016-09-04,,,,,,
2016-09-05,,,,,,
2016-09-06,,,,,,
2016-09-07,,,,,,
2016-09-08,,,,,,
2016-09-09,,,,,,
2016-09-10,,,,,,
2016-09-11,,,,,,
2016-09-12,,,,,,
2016-09-13,,,,,,
2016-09-14,,,,,,
2016-09-15,,,,,,
2016-09-16,,,,,,
2016-09-17,,,,,,
2016-09-18,,,,,,
2016-09-19,,,,,,
2016-09-20,,,,,,
2016-09-21,,,,,,
2016-09-22,,,,,,
2016-09-23,,,,,,
2016-09-24,,,,,,
2016-09-25,,,,,,
2016-09-26,,,,,,
2016-09-27,,,,,,
2016-09-28,,,,,,
2016-09-29,,,,,,
2016-09-30,,,,,,
2016-10-01,,,,,,
2016-10-02,,,,,,
2016-10-03,,,,,,
2016-10-04,,,,,,
2016-10-05,,,,,,
2016-10-06,,,,,,
2016-10-07,,,,,,
2016-10-08,,,,,,
2016-10-09,,,,,,
2016-10-10,,,,,,
2016-10-11,,,,,,
2016-10-12,,,,,,
2016-10-13,,,,,,
2016-10-14,,,,,,
2016-10-15,,,,,,
2016-10-16,,,,,,
2016-10-17,,,,,,
2016-10-18,,,,,,
2016-10-19,,,,,,
2016-10-20,,,,,,
2016-10-21,,,,,,
2016-10-22,,,,,,
2016-10-23,,,,,,
2016-10-24,,,,,,
2016-10-25,,,,,,
2016-10-26,,,,,,
2016-10-27,,,,,,
2016-10-28,,,,,,
2016-10-29,,,,,,
2016-10-30,,,,,,
2016-10-31,,,,,,
2016-11-01,,,,,,
2016-11-02,,,,,,
2016-11-03,,,,,,
2016-11-04,,,,,,
2016-11-05,,,,,,
2016-11-06,,,,,,
2016-11-07,,,,,,
2016-11-08,,,,,,
2016-11-09,,,,,,
2016-11-10,,,,,,
2016-11-11,,,,,,
2016-11-12,,,,,,
2016-11-13,,,,,,
2016-11-14,,,,,,
2016-11-15,,,,,,
2016-11-16,,,,,,
2016-11-17,,,,,,
2016-11-18,,,,,,
2016-11-19,,,,,,
2016-11-20,,,,,,
2016-11-21,,,,,,
2016-11-22,,,,,,
2016-11-23,,,,,,
2016-11-24,,,,,,
2016-11-25,,,,,,
2016-11-26,,,,,,
2016-11-27,,,,,,
2016-11-28,,,,,,
2016-11-29,,,,,,
2016-11-30,,,,,,
2016-12-01,,,,,,
2016-12-02,,,,,,
2016-12-03,,,,,,
2016-12-04,,,,,,
2016-12-05,,,,,,
2016-12-06,,,,,,
2016-12-07,,,,,,
2016-12-08,,,,,,
2016-12-09,,,,,,
2016-12-10,,,,,,
2016-12-11,,,,,,
2016-12-12,,,,,,
2016-12-13,,,,,,
2016-12-14,,,,,,
2016-12-15,,,,,,
2016-12-16,,,,,,
2016-12-17,,,,,,
2016-12-18,,,,,,
2016-12-19,,,,,,
2016-12-20,,,,,,
2016-12-21,,,,,,
2016-12-22,,,,,,
2016-12-23,,,,,,
2016-12-24,,,,,,
2016-12-25,,,,,,
2016-12-26,,,,,,
2016-12-27,,,,,,
2016-12-28,,,,,,
2016-12-29,,,,,,
2016-12-30,,,,,,
2016-12-31,,,,,,
2017-01-01,,,,,,
2017-01-02,,,,,,
2017-01-03,,,,,,
2017-01-04,,,,,,
2017-01-05,,,,,,
2017-01-06,,,,,,
2017-01-07,,,,,,
2017-01-08,,,,,,
2017-01-09,,,,,,
2017-01-10,,,,,,
2017-01-11,,,,,,
2017-01-12,,,,,,
2017-01-13,,,,,,
2017-01-14,,,,,,
2017-01-15,,,,,,
2017-01-16,,,,,,
2017-01-17,,,,,,
2017-01-18,,,,,,
2017-01-19,,,,,,
2017-01-20,,,,,,
2017-01-21,,,,,,
2017-01-22,,,,,,
2017-01-23,,,,,,
2017-01-24,,,,,,
2017-01-25,,,,,,
2017-01-26,,,,,,
2017-01-27,,,,,,
2017-01-28,,,,,,
2017-01-29,,,,,,
2017-01-30,,,,,,
2017-01-31,,,,,,
2017-02-01,,,,,,
2017-02-02,,,,,,
2017-02-03,,,,,,
2017-02-04,,,,,,
2017-02-05,,,,,,
2017-02-06,,,,,,
2017-02-07,,,,,,
2017-02-08,,,,,,
2017-02-09,,,,,,
2017-02-10,,,,,,
2017-02-11,,,,,,
2017-02-12,,,,,,
2017-02-13,,,,,,
2017-02-14,,,,,,
2017-02-15,,,,,,
2017-02-16,,,,,,
2017-02-17,,,,,,
2017-02-18,,,,,,
2017-02-19,,,,,,
2017-02-20,,,,,,
2017-02-21,,,,,,
2017-02-22,,,,,,
2017-02-23,,,,,,
2017-02-24,,,,,,
2017-02-25,,,,,,
2017-02-26,,,,,,
2017-02-27,,,,,,
2017-02-28,,,,,,
2017-03-01,,,,,,
2017-03-02,,,,,,
2017-03-03,,,,,,
2017-03-04,,,,,,
2017-03-05,,,,,,
2017-03-06,,,,,,
2017-03-07,,,,,,
2017-03-08,,,,,,
2017-03-09,,,,,,
2017-03-10,,,,,,
2017-03-11,,,,,,
2017-03-12,,,,,,
2017-03-13,,,,,,
2017-03-14,,,,,,
2017-03-15,,,,,,
2017-03-16,,,,,,
2017-03-17,,,,,,
2017-03-18,,,,,,
2017-03-19,,,,,,
2017-03-20,,,,,,
2017-03-21,,,,,,
2017-03-22,,,,,,
2017-03-23,,,,,,
2017-03-24,,,,,,
2017-03-25,,,,,,
2017-03-26,,,,,,
2017-03-27,,,,,,
2017-03-28,,,,,,
2017-03-29,,,,,,
2017-03-30,,,,,,
2017-03-31,,,,,,
2017-04-01,,,,,,
2017-04-02,,,,,,
2017-04-03,,,,,,
2017-04-04,,,,,,
2017-04-05,,,,,,
2017-04-06,,,,,,
2017-04-07,,,,,,
2017-04-08,,,,,,
2017-04-09,,,,,,
2017-04-10,,,,,,
2017-04-11,,,,,,
2017-04-12,,,,,,
2017-04-13,,,,,,
2017-04-14,,,,,,
2017-04-15,,,,,,
2017-04-16,,,,,,
2017-04-17,,,,,,
2017-04-18,,,,,,
2017-04-19,,,,,,
2017-04-20,,,,,,
2017-04-21,,,,,,
2017-04-22,,,,,,
2017-04-23,,,,,,
2017-04-24,,,,,,
2017-04-25,,,,,,
2017-04-26,,,,,,
2017-04-27,,,,,,
2017-04-28,,,,,,
2017-04-29,,,,,,
2017-04-30,,,,,,
2017-05-01,,,,,,
2017-05-02,,,,,,
2017-05-03,,,,,,
2017-05-04,,,,,,
2017-05-05,,,,,,
2017-05-06,,,,,,
2017-05-07,,,,,,
2017-05-08,,,,,,
2017-05-09,,,,,,
2017-05-10,,,,,,
2017-05-11,,,,,,
2017-05-12,,,,,,
2017-05-13,,,,,,
2017-05-14,,,,,,
2017-05-15,,,,,,
2017-05-16,,,,,,
2017-05-17,,,,,,
2017-05-18,,,,,,
2017-05-19,,,,,,
2017-05-20,,,,,,
2017-05-21,,,,,,
2017-05-22,,,,,,
2017-05-23,,,,,,
2017-05-24,,,,,,
2017-05-25,,,,,,
2017-05-26,,,,,,
2017-05-27,,,,,,
2017-05-28,,,,,,
2017-05-29,,,,,,
2017-05-30,,,,,,
2017-05-31,,,,,,
2017-06-01,,,,,,
2017-06-02,,,,,,
2017-06-03,,,,,,
2017-06-04,,,,,,
2017-06-05,,,,,,
2017-06-06,,,,,,
2017-06-07,,,,,,
2017-06-08,,,,,,
2017-06-09,,,,,,
2017-06-10,,,,,,
2017-06-11,,,,,,
2017-06-12,,,,,,
2017-06-13,,,,,,
2017-06-14,,,,,,
2017-06-15,,,,,,
2017-06-16,,,,,,
2017-06-17,,,,,,
2017-06-18,,,,,,
2017-06-19,,,,,,
2017-06-20,,,,,,
2017-06-21,,,,,,
2017-06-22,,,,,,
2017-06-23,,,,,,
2017-06-24,,,,,,
2017-06-25,,,,,,
2017-06-26,,,,,,
2017-06-27,,,,,,
2017-06-28,,,,,,
2017-06-29,,,,,,
2017-06-30,,,,,,
2017-07-01,,,,,,
2017-07-02,,,,,,
2017-07-03,,,,,,
2017-07-04,,,,,,
2017-07-05,,,,,,
2017-07-06,,,,,,
2017-07-07,,,,,,
2017-07-08,,,,,,
2017-07-09,,,,,,
2017-07-10,,,,,,
2017-07-11,,,,,,
2017-07-12,,,,,,
2017-07-13,,,,,,
2017-07-14,,,,,,
2017-07-15,,,,,,
2017-07-16,,,,,,
2017-07-17,,,,,,
2017-07-18,,,,,,
2017-07-19,,,,,,
2017-07-20,,,,,,
2017-07-21,,,,,,
2017-07-22,,,,,,
2017-07-23,,,,,,
2017-07-24,,,,,,
2017-07-25,,,,,,
2017-07-26,,,,,,
2017-07-27,,,,,,
2017-07-28,,,,,,
2017-07-29,,,,,,
2017-07-30,,,,,,
2017-07-31,,,,,,
2017-08-01,,,,,,
2017-08-02,,,,,,
2017-08-03,,,,,,
2017-08-04,,,,,,
2017-08-05,,,,,,
2017-08-06,,,,,,
2017-08-07,,,,,,
2017-08-08,,,,,,
2017-08-09,,,,,,
2017-08-10,,,,,,
2017-08-11,,,,,,
2017-08-12,,,,,,
2017-08-13,,,,,,
2017-08-14,,,,,,
2017-08-15,,,,,,
2017-08-16,,,,,,
2017-08-17,,,,,,
2017-08-18,,,,,,
2017-08-19,,,,,,
2017-08-20,,,,,,
2017-08-21,,,,,,
2017-08-22,,,,,,
2017-08-23,,,,,,
2017-08-24,,,,,,
2017-08-25,,,,,,
2017-08-26,,,,,,
2017-08-27,,,,,,
2017-08-28,,,,,,
2017-08-29,,,,,,
2017-08-30,,,,,,
2017-08-31,,,,,,
2017-09-01,,,,,,
2017-09-02,,,,,,
2017-09-03,,,,,,
2017-09-04,,,,,,
2017-09-05,,,,,,
2017-09-06,,,,,,
2017-09-07,,,,,,
2017-09-08,,,,,,
2017-09-09,,,,,,
2017-09-10,,,,,,
2017-09-11,,,,,,
2017-09-12,,,,,,
2017-09-13,,,,,,
2017-09-14,,,,,,
2017-09-15,,,,,,
2017-09-16,,,,,,
2017-09-17,,,,,,
2017-09-18,,,,,,
2017-09-19,,,,,,
2017-09-20,,,,,,
2017-09-21,,,,,,
2017-09-22,,,,,,
2017-09-23,,,,,,
2017-09-24,,,,,,
2017-09-25,,,,,,
2017-09-26,,,,,,
2017-09-27,,,,,,
2017-09-28,,,,,,
2017-09-29,,,,,,
2017-09-30,,,,,,
2017-10-01,,,,,,
2017-10-02,,,,,,
2017-10-03,,,,,,
2017-10-04,,,,,,
2017-10-05,,,,,,
2017-10-06,,,,,,
2017-10-07,,,,,,
2017-10-08,,,,,,
2017-10-09,,,,,,
2017-10-10,,,,,,
2017-10-11,,,,,,
2017-10-12,,,,,,
2017-10-13,,,,,,
2017-10-14,,,,,,
2017-10-15,,,,,,
2017-10-16,,,,,,
2017-10-17,,,,,,
2017-10-18,,,,,,
2017-10-19,,,,,,
2017-10-20,,,,,,
2017-10-21,,,,,,
2017-10-22,,,,,,
2017-10-23,,,,,,
2017-10-24,,,,,,
2017-10-25,,,,,,
2017-10-26,,,,,,
2017-10-27,,,,,,
2017-10-28,,,,,,
2017-10-29,,,,,,
2017-10-30,,,,,,
2017-10-31,,,,,,
2017-11-01,,,,,,
2017-11-02,,,,,,
2017-11-03,,,,,,
2017-11-04,,,,,,
2017-11-05,,,,,,
2017-11-06,,,,,,
2017-11-07,,,,,,
2017-11-08,,,,,,
2017-11-09,,,,,,
2017-11-10,,,,,,
2017-11-11,,,,,,
2017-11-12,,,,,,
2017-11-13,,,,,,
2017-11-14,,,,,,
2017-11-15,,,,,,
2017-11-16,,,,,,
2017-11-17,,,,,,
2017-11-18,,,,,,
2017-11-19,,,,,,
2017-11-20,,,,,,
2017-11-21,,,,,,
2017-11-22,,,,,,
2017-11-23,,,,,,
2017-11-24,,,,,,
2017-11-25,,,,,,
2017-11-26,,,,,,
2017-11-27,,,,,,
2017-11-28,,,,,,
2017-11-29,,,,,,
2017-11-30,,,,,,
2017-12-01,,,,,,
2017-12-02,,,,,,
2017-12-03,,,,,,
2017-12-04,,,,,,
2017-12-05,,,,,,
2017-12-06,,,,,,
2017-12-07,,,,,,
2017-12-08,,,,,,
2017-12-09,,,,,,
2017-12-10,,,,,,
2017-12-11,,,,,,
2017-12-12,,,,,,
2017-12-13,,,,,,
2017-12-14,,,,,,
2017-12-15,,,,,,
2017-12-16,,,,,,
2017-12-17,,,,,,
2017-12-18,,,,,,
2017-12-19,,,,,,
2017-12-20,,,,,,
2017-12-21,,,,,,
2017-12-22,,,,,,
2017-12-23,,,,,,
2017-12-24,,,,,,
2017-12-25,,,,,,
2017-12-26,,,,,,
2017-12-27,,,,,,
2017-12-28,,,,,,
2017-12-29,,,,,,
2017-12-30,,,,,,
2017-12-31,,,,,,
2018-01-01,,,,,,
2018-01-02,,,,,,
2018-01-03,,,,,,
2018-01-04,,,,,,
2018-01-05,,,,,,
2018-01-06,,,,,,
2018-01-07,,,,,,
2018-01-08,,,,,,
2018-01-09,,,,,,
2018-01-10,,,,,,
2018-01-11,,,,,,
2018-01-12,,,,,,
2018-01-13,,,,,,
2018-01-14,,,,,,
2018-01-15,,,,,,
2018-01-16,,,,,,
2018-01-17,,,,,,
2018-01-18,,,,,,
2018-01-19,,,,,,
2018-01-20,,,,,,
2018-01-21,,,,,,
2018-01-22,,,,,,
2018-01-23,,,,,,
2018-01-24,,,,,,
2018-01-25,,,,,,
2018-01-26,,,,,,
2018-01-27,,,,,,
2018-01-28,,,,,,
2018-01-29,,,,,,
2018-01-30,,,,,,
2018-01-31,,,,,,
2018-02-01,,,,,,
2018-02-02,,,,,,
2018-02-03,,,,,,
2018-02-04,,,,,,
2018-02-05,,,,,,
2018-02-06,,,,,,
2018-02-07,,,,,,
2018-02-08,,,,,,
2018-02-09,,,,,,
2018-02-10,,,,,,
2018-02-11,,,,,,
2018-02-12,,,,,,
2018-02-13,,,,,,
2018-02-14,,,,,,
2018-02-15,,,,,,
2018-02-16,,,,,,
2018-02-17,,,,,,
2018-02-18,,,,,,
2018-02-19,,,,,,
2018-02-20,,,,,,
2018-02-21,,,,,,
2018-02-22,,,,,,
2018-02-23,,,,,,
2018-02-24,,,,,,
2018-02-25,,,,,,
2018-02-26,,,,,,
2018-02-27,,,,,,
2018-02-28,,,,,,
2018-03-01,,,,,,
2018-03-02,,,,,,
2018-03-03,,,,,,
2018-03-04,,,,,,
2018-03-05,,,,,,
2018-03-06,,,,,,
2018-03-07,,,,,,
2018-03-08,,,,,,
2018-03-09,,,,,,
2018-03-10,,,,,,
2018-03-11,,,,,,
2018-03-12,,,,,,
2018-03-13,,,,,,
2018-03-14,,,,,,
2018-03-15,,,,,,
2018-03-16,,,,,,
2018-03-17,,,,,,
2018-03-18,,,,,,
2018-03-19,,,,,,
2018-03-20,,,,,,
2018-03-21,,,,,,
2018-03-22,,,,,,
2018-03-23,,,,,,
2018-03-24,,,,,,
2018-03-25,,,,,,
2018-03-26,,,,,,
2018-03-27,,,,,,
2018-03-28,,,,,,
2018-03-29,,,,,,
2018-03-30,,,,,,
2018-03-31,,,,,,
2018-04-01,,,,,,
2018-04-02,,,,,,
2018-04-03,,,,,,
2018-04-04,,,,,,
2018-04-05,,,,,,
2018-04-06,,,,,,
2018-04-07,,,,,,
2018-04-08,,,,,,
2018-04-09,,,,,,
2018-04-10,,,,,,
2018-04-11,,,,,,
2018-04-12,,,,,,
2018-04-13,,,,,,
2018-04-14,,,,,,
2018-04-15,,,,,,
2018-04-16,,,,,,
2018-04-17,,,,,,
2018-04-18,,,,,,
2018-04-19,,,,,,
2018-04-20,,,,,,
2018-04-21,,,,,,
2018-04-22,,,,,,
2018-04-23,,,,,,
2018-04-24,,,,,,
2018-04-25,,,,,,
2018-04-26,,,,,,
2018-04-27,,,,,,
2018-04-28,,,,,,
2018-04-29,,,,,,
2018-04-30,,,,,,
2018-05-01,,,,,,
2018-05-02,,,,,,
2018-05-03,,,,,,
2018-05-04,,,,,,
2018-05-05,,,,,,
2018-05-06,,,,,,
2018-05-07,,,,,,
2018-05-08,,,,,,
2018-05-09,,,,,,
2018-05-10,,,,,,
2018-05-11,,,,,,
2018-05-12,,,,,,
2018-05-13,,,,,,
2018-05-14,,,,,,
2018-05-15,,,,,,
2018-05-16,,,,,,
2018-05-17,,,,,,
2018-05-18,,,,,,
2018-05-19,,,,,,
2018-05-20,,,,,,
2018-05-21,,,,,,
2018-05-22,,,,,,
2018-05-23,,,,,,
2018-05-24,,,,,,
2018-05-25,,,,,,
2018-05-26,,,,,,
2018-05-27,,,,,,
2018-05-28,,,,,,
2018-05-29,,,,,,
2018-05-30,,,,,,
2018-05-31,,,,,,
2018-06-01,,,,,,
2018-06-02,,,,,,
2018-06-03,,,,,,
2018-06-04,,,,,,
2018-06-05,,,,,,
2018-06-06,,,,,,
2018-06-07,,,,,,
2018-06-08,,,,,,
2018-06-09,,,,,,
2018-06-10,,,,,,
2018-06-11,,,,,,
2018-06-12,,,,,,
2018-06-13,,,,,,
2018-06-14,,,,,,
2018-06-15,,,,,,
2018-06-16,,,,,,
2018-06-17,,,,,,
2018-06-18,,,,,,
2018-06-19,,,,,,
2018-06-20,,,,,,
2018-06-21,,,,,,
2018-06-22,,,,,,
2018-06-23,,,,,,
2018-06-24,,,,,,
2018-06-25,,,,,,
2018-06-26,,,,,,
2018-06-27,,,,,,
2018-06-28,,,,,,
2018-06-29,,,,,,
2018-06-30,,,,,,
2018-07-01,,,,,,
2018-07-02,,,,,,
2018-07-03,,,,,,
2018-07-04,,,,,,
2018-07-05,,,,,,
2018-07-06,,,,,,
2018-07-07,,,,,,
2018-07-08,,,,,,
2018-07-09,,,,,,
2018-07-10,,,,,,
2018-07-11,,,,,,
2018-07-12,,,,,,
2018-07-13,,,,,,
2018-07-14,,,,,,
2018-07-15,,,,,,
2018-07-16,,,,,,
2018-07-17,,,,,,
2018-07-18,,,,,,
2018-07-19,,,,,,
2018-07-20,,,,,,
2018-07-21,,,,,,
2018-07-22,,,,,,
2018-07-23,,,,,,
2018-07-24,,,,,,
2018-07-25,,,,,,
2018-07-26,,,,,,
2018-07-27,,,,,,
2018-07-28,,,,,,
2018-07-29,,,,,,
2018-07-30,,,,,,
2018-07-31,,,,,,
2018-08-01,,,,,,
2018-08-02,,,,,,
2018-08-03,,,,,,
2018-08-04,,,,,,
2018-08-05,,,,,,
2018-08-06,,,,,,
2018-08-07,,,,,,
2018-08-08,,,,,,
2018-08-09,,,,,,
2018-08-10,,,,,,
2018-08-11,,,,,,
2018-08-12,,,,,,
2018-08-13,,,,,,
2018-08-14,,,,,,
2018-08-15,,,,,,
2018-08-16,,,,,,
2018-08-17,,,,,,
2018-08-18,,,,,,
2018-08-19,,,,,,
2018-08-20,,,,,,
2018-08-21,,,,,,
2018-08-22,,,,,,
2018-08-23,,,,,,
2018-08-24,,,,,,
2018-08-25,,,,,,
2018-08-26,,,,,,
2018-08-27,,,,,,
2018-08-28,,,,,,
2018-08-29,,,,,,
2018-08-30,,,,,,
2018-08-31,,,,,,
2018-09-01,,,,,,
2018-09-02,,,,,,
2018-09-03,,,,,,
2018-09-04,,,,,,
2018-09-05,,,,,,
2018-09-06,,,,,,
2018-09-07,,,,,,
2018-09-08,,,,,,
2018-09-09,,,,,,
2018-09-10,,,,,,
2018-09-11,,,,,,
2018-09-12,,,,,,
2018-09-13,,,,,,
2018-09-14,,,,,,
2018-09-15,,,,,,
2018-09-16,,,,,,
2018-09-17,,,,,,
2018-09-18,,,,,,
2018-09-19,,,,,,
2018-09-20,,,,,,
2018-09-21,,,,,,
2018-09-22,,,,,,
2018-09-23,,,,,,
2018-09-24,,,,,,
2018-09-25,,,,,,
2018-09-26,,,,,,
2018-09-27,,,,,,
2018-09-28,,,,,,
2018-09-29,,,,,,
2018-09-30,,,,,,
2018-10-01,,,,,,
2018-10-02,,,,,,
2018-10-03,,,,,,
2018-10-04,,,,,,
2018-10-05,,,,,,
2018-10-06,,,,,,
2018-10-07,,,,,,
2018-10-08,,,,,,
2018-10-09,,,,,,
2018-10-10,,,,,,
2018-10-11,,,,,,
2018-10-12,,,,,,
2018-10-13,,,,,,
2018-10-14,,,,,,
2018-10-15,,,,,,
2018-10-16,,,,,,
2018-10-17,,,,,,
2018-10-18,,,,,,
2018-10-19,,,,,,
2018-10-20,,,,,,
2018-10-21,,,,,,
2018-10-22,,,,,,
2018-10-23,,,,,,
2018-10-24,,,,,,
2018-10-25,,,,,,
2018-10-26,,,,,,
2018-10-27,,,,,,
2018-10-28,,,,,,
2018-10-29,,,,,,
2018-10-30,,,,,,
2018-10-31,,,,,,
2018-11-01,,,,,,
2018-11-02,,,,,,
2018-11-03,,,,,,
2018-11-04,,,,,,
2018-11-05,,,,,,
2018-11-06,,,,,,
2018-11-07,,,,,,
2018-11-08,,,,,,
2018-11-09,,,,,,
2018-11-10,,,,,,
2018-11-11,,,,,,
2018-11-12,,,,,,
2018-11-13,,,,,,
2018-11-14,,,,,,
2018-11-15,,,,,,
2018-11-16,,,,,,
2018-11-17,,,,,,
2018-11-18,,,,,,
2018-11-19,,,,,,
2018-11-20,,,,,,
2018-11-21,,,,,,
2018-11-22,,,,,,
2018-11-23,,,,,,
2018-11-24,,,,,,
2018-11-25,,,,,,
2018-11-26,,,,,,
2018-11-27,,,,,,
2018-11-28,,,,,,
2018-11-29,,,,,,
2018-11-30,,,,,,
2018-12-01,,,,,,
2018-12-02,,,,,,
2018-12-03,,,,,,
2018-12-04,,,,,,
2018-12-05,,,,,,
2018-12-06,,,,,,
2018-12-07,,,,,,
2018-12-08,,,,,,
2018-12-09,,,,,,
2018-12-10,,,,,,
2018-12-11,,,,,,
2018-12-12,,,,,,
2018-12-13,,,,,,
2018-12-14,,,,,,
2018-12-15,,,,,,
2018-12-16,,,,,,
2018-12-17,,,,,,
2018-12-18,,,,,,
2018-12-19,,,,,,
2018-12-20,,,,,,
2018-12-21,,,,,,
2018-12-22,,,,,,
2018-12-23,,,,,,
2018-12-24,,,,,,
2018-12-25,,,,,,
2018-12-26,,,,,,
2018-12-27,,,,,,
2018-12-28,,,,,,
2018-12-29,,,,,,
2018-12-30,,,,,,
2018-12-31,,,,,,
2019-01-01,,,,,,
2019-01-02,,,,,,
2019-01-03,,,,,,
2019-01-04,,,,,,
2019-01-05,,,,,,
2019-01-06,,,,,,
2019-01-07,,,,,,
2019-01-08,,,,,,
2019-01-09,,,,,,
2019-01-10,,,,,,
2019-01-11,,,,,,
2019-01-12,,,,,,
2019-01-13,,,,,,
2019-01-14,,,,,,
2019-01-15,,,,,,
2019-01-16,,,,,,
2019-01-17,,,,,,
2019-01-18,,,,,,
2019-01-19,,,,,,
2019-01-20,,,,,,
2019-01-21,,,,,,
2019-01-22,,,,,,
2019-01-23,,,,,,
2019-01-24,,,,,,
2019-01-25,,,,,,
2019-01-26,,,,,,
2019-01-27,,,,,,
2019-01-28,,,,,,
2019-01-29,,,,,,
2019-01-30,,,,,,
2019-01-31,,,,,,
2019-02-01,,,,,,
2019-02-02,,,,,,
2019-02-03,,,,,,
2019-02-04,,,,,,
2019-02-05,,,,,,
2019-02-06,,,,,,
2019-02-07,,,,,,
2019-02-08,,,,,,
2019-02-09,,,,,,
2019-02-10,,,,,,
2019-02-11,,,,,,
2019-02-12,,,,,,
2019-02-13,,,,,,
2019-02-14,,,,,,
2019-02-15,,,,,,
2019-02-16,,,,,,
2019-02-17,,,,,,
2019-02-18,,,,,,
2019-02-19,,,,,,
2019-02-20,,,,,,
2019-02-21,,,,,,
2019-02-22,,,,,,
2019-02-23,,,,,,
2019-02-24,,,,,,
2019-02-25,,,,,,
2019-02-26,,,,,,
2019-02-27,,,,,,
2019-02-28,,,,,,
2019-03-01,,,,,,
2019-03-02,,,,,,
2019-03-03,,,,,,
2019-03-04,,,,,,
2019-03-05,,,,,,
2019-03-06,,,,,,
2019-03-07,,,,,,
2019-03-08,,,,,,
2019-03-09,,,,,,
2019-03-10,,,,,,
2019-03-11,,,,,,
2019-03-12,,,,,,
2019-03-13,,,,,,
2019-03-14,,,,,,
2019-03-15,,,,,,
2019-03-16,,,,,,
2019-03-17,,,,,,
2019-03-18,,,,,,
2019-03-19,,,,,,
2019-03-20,,,,,,
2019-03-21,,,,,,
2019-03-22,,,,,,
2019-03-23,,,,,,
2019-03-24,,,,,,
2019-03-25,,,,,,
2019-03-26,,,,,,
2019-03-27,,,,,,
2019-03-28,,,,,,
2019-03-29,,,,,,
2019-03-30,,,,,,
2019-03-31,,,,,,
2019-04-01,,,,,,
2019-04-02,,,,,,
2019-04-03,,,,,,
2019-04-04,,,,,,
2019-04-05,,,,,,
2019-04-06,,,,,,
2019-04-07,,,,,,
2019-04-08,,,,,,
2019-04-09,,,,,,
2019-04-10,,,,,,
2019-04-11,,,,,,
2019-04-12,,,,,,
2019-04-13,,,,,,
2019-04-14,,,,,,
2019-04-15,,,,,,
2019-04-16,,,,,,
2019-04-17,,,,,,
2019-04-18,,,,,,
2019-04-19,,,,,,
2019-04-20,,,,,,
2019-04-21,,,,,,
2019-04-22,,,,,,
2019-04-23,,,,,,
2019-04-24,,,,,,
2019-04-25,,,,,,
2019-04-26,,,,,,
2019-04-27,,,,,,
2019-04-28,,,,,,
2019-04-29,,,,,,
2019-04-30,,,,,,
2019-05-01,,,,,,
2019-05-02,,,,,,
2019-05-03,,,,,,
2019-05-04,,,,,,
2019-05-05,,,,,,
2019-05-06,,,,,,
2019-05-07,,,,,,
2019-05-08,,,,,,
2019-05-09,,,,,,
2019-05-10,,,,,,
2019-05-11,,,,,,
2019-05-12,,,,,,
2019-05-13,,,,,,
2019-05-14,,,,,,
2019-05-15,,,,,,
2019-05-16,,,,,,
2019-05-17,,,,,,
2019-05-18,,,,,,
2019-05-19,,,,,,
2019-05-20,,,,,,
2019-05-21,,,,,,
2019-05-22,,,,,,
2019-05-23,,,,,,
2019-05-24,,,,,,
2019-05-25,,,,,,
2019-05-26,,,,,,
2019-05-27,,,,,,
2019-05-28,,,,,,
2019-05-29,,,,,,
2019-05-30,,,,,,
2019-05-31,,,,,,
2019-06-01,,,,,,
2019-06-02,,,,,,
2019-06-03,,,,,,
2019-06-04,,,,,,
2019-06-05,,,,,,
2019-06-06,,,,,,
2019-06-07,,,,,,
2019-06-08,,,,,,
2019-06-09,,,,,,
2019-06-10,,,,,,
2019-06-11,,,,,,
2019-06-12,,,,,,
2019-06-13,,,,,,
2019-06-14,,,,,,
2019-06-15,,,,,,
2019-06-16,,,,,,
2019-06-17,,,,,,
2019-06-18,,,,,,
2019-06-19,,,,,,
2019-06-20,,,,,,
2019-06-21,,,,,,
2019-06-22,,,,,,
2019-06-23,,,,,,
2019-06-24,,,,,,
2019-06-25,,,,,,
2019-06-26,,,,,,
2019-06-27,,,,,,
2019-06-28,,,,,,
2019-06-29,,,,,,
2019-06-30,,,,,,
2019-07-01,,,,,,
2019-07-02,,,,,,
2019-07-03,,,,,,
2019-07-04,,,,,,
2019-07-05,,,,,,
2019-07-06,,,,,,
2019-07-07,,,,,,
2019-07-08,,,,,,
2019-07-09,,,,,,
2019-07-10,,,,,,
2019-07-11,,,,,,
2019-07-12,,,,,,
2019-07-13,,,,,,
2019-07-14,,,,,,
2019-07-15,,,,,,
2019-07-16,,,,,,
2019-07-17,,,,,,
2019-07-18,,,,,,
2019-07-19,,,,,,
2019-07-20,,,,,,
2019-07-21,,,,,,
2019-07-22,,,,,,
2019-07-23,,,,,,
2019-07-24,,,,,,
2019-07-25,,,,,,
2019-07-26,,,,,,
2019-07-27,,,,,,
2019-07-28,,,,,,
2019-07-29,,,,,,
2019-07-30,,,,,,
2019-07-31,,,,,,
2019-08-01,,,,,,
2019-08-02,,,,,,
2019-08-03,,,,,,
2019-08-04,,,,,,
2019-08-05,,,,,,
2019-08-06,,,,,,
2019-08-07,,,,,,
2019-08-08,,,,,,
2019-08-09,,,,,,
2019-08-10,,,,,,
2019-08-11,,,,,,
2019-08-12,,,,,,
2019-08-13,,,,,,
2019-08-14,,,,,,
2019-08-15,,,,,,
2019-08-16,,,,,,
2019-08-17,,,,,,
2019-08-18,,,,,,
2019-08-19,,,,,,
2019-08-20,,,,,,
2019-08-21,,,,,,
2019-08-22,,,,,,
2019-08-23,,,,,,
2019-08-24,,,,,,
2019-08-25,,,,,,
2019-08-26,,,,,,
2019-08-27,,,,,,
2019-08-28,,,,,,
2019-08-29,,,,,,
2019-08-30,,,,,,
2019-08-31,,,,,,
2019-09-01,,,,,,
2019-09-02,,,,,,
2019-09-03,,,,,,
2019-09-04,,,,,,
2019-09-05,,,,,,
2019-09-06,,,,,,
2019-09-07,,,,,,
2019-09-08,,,,,,
2019-09-09,,,,,,
2019-09-10,,,,,,
2019-09-11,,,,,,
2019-09-12,,,,,,
2019-09-13,,,,,,
2019-09-14,,,,,,
2019-09-15,,,,,,
2019-09-16,,,,,,
2019-09-17,,,,,,
2019-09-18,,,,,,
2019-09-19,,,,,,
2019-09-20,,,,,,
2019-09-21,,,,,,
2019-09-22,,,,,,
2019-09-23,,,,,,
2019-09-24,,,,,,
2019-09-25,,,,,,
2019-09-26,,,,,,
2019-09-27,,,,,,
2019-09-28,,,,,,
2019-09-29,,,,,,
2019-09-30,,,,,,
2019-10-01,,,,,,
2019-10-02,,,,,,
2019-10-03,,,,,,
2019-10-04,,,,,,
2019-10-05,,,,,,
2019-10-06,,,,,,
2019-10-07,,,,,,
2019-10-08,,,,,,
2019-10-09,,,,,,
2019-10-10,,,,,,
2019-10-11,,,,,,
2019-10-12,,,,,,
2019-10-13,,,,,,
2019-10-14,,,,,,
2019-10-15,,,,,,
2019-10-16,,,,,,
2019-10-17,,,,,,
2019-10-18,,,,,,
2019-10-19,,,,,,
2019-10-20,,,,,,
2019-10-21,,,,,,
2019-10-22,,,,,,
2019-10-23,,,,,,
2019-10-24,,,,,,
2019-10-25,,,,,,
2019-10-26,,,,,,
2019-10-27,,,,,,
2019-10-28,,,,,,
2019-10-29,,,,,,
2019-10-30,,,,,,
2019-10-31,,,,,,
2019-11-01,,,,,,
2019-11-02,,,,,,
2019-11-03,,,,,,
2019-11-04,,,,,,
2019-11-05,,,,,,
2019-11-06,,,,,,
2019-11-07,,,,,,
2019-11-08,,,,,,
2019-11-09,,,,,,
2019-11-10,,,,,,
2019-11-11,,,,,,
2019-11-12,,,,,,
2019-11-13,,,,,,
2019-11-14,,,,,,
2019-11-15,,,,,,
2019-11-16,,,,,,
2019-11-17,,,,,,
2019-11-18,,,,,,
2019-11-19,,,,,,
2019-11-20,,,,,,
2019-11-21,,,,,,
2019-11-22,,,,,,
2019-11-23,,,,,,
2019-11-24,,,,,,
2019-11-25,,,,,,
2019-11-26,,,,,,
2019-11-27,,,,,,
2019-11-28,,,,,,
2019-11-29,,,,,,
2019-11-30,,,,,,
2019-12-01,,,,,,
2019-12-02,,,,,,
2019-12-03,,,,,,
2019-12-04,,,,,,
2019-12-05,,,,,,
2019-12-06,,,,,,
2019-12-07,,,,,,
2019-12-08,,,,,,
2019-12-09,,,,,,
2019-12-10,,,,,,
2019-12-11,,,,,,
2019-12-12,,,,,,
2019-12-13,,,,,,
2019-12-14,,,,,,
2019-12-15,,,,,,
2019-12-16,,,,,,
2019-12-17,,,,,,
2019-12-18,,,,,,
2019-12-19,,,,,,
2019-12-20,,,,,,
2019-12-21,,,,,,
2019-12-22,,,,,,
2019-12-23,,,,,,
2019-12-24,,,,,,
2019-12-25,,,,,,
2019-12-26,,,,,,
2019-12-27,,,,,,
2019-12-28,,,,,,
2019-12-29,,,,,,
2019-12-30,,,,,,
2019-12-31,,,,,,
2020-01-01,,,,,,
2020-01-02,,,,,,
2020-01-03,,,,,,
2020-01-04,,,,,,
2020-01-05,,,,,,
2020-01-06,,,,,,
2020-01-07,,,,,,
2020-01-08,,,,,,
2020-01-09,,,,,,
2020-01-10,,,,,,
2020-01-11,,,,,,
2020-01-12,,,,,,
2020-01-13,,,,,,
2020-01-14,,,,,,
2020-01-15,,,,,,
2020-01-16,,,,,,
2020-01-17,,,,,,
2020-01-18,,,,,,
2020-01-19,,,,,,
2020-01-20,,,,,,
2020-01-21,,,,,,
2020-01-22,,,,,,
2020-01-23,,,,,,
2020-01-24,,,,,,
2020-01-25,,,,,,
2020-01-26,,,,,,
2020-01-27,,,,,,
2020-01-28,,,,,,
2020-01-29,,,,,,
2020-01-30,,,,,,
2020-01-31,,,,,,
2020-02-01,,,,,,
2020-02-02,,,,,,
2020-02-03,,,,,,
2020-02-04,,,,,,
2020-02-05,,,,,,
2020-02-06,,,,,,
2020-02-07,,,,,,
2020-02-08,,,,,,
2020-02-09,,,,,,
2020-02-10,,,,,,
2020-02-11,,,,,,
2020-02-12,,,,,,
2020-02-13,,,,,,
2020-02-14,,,,,,
2020-02-15,,,,,,
2020-02-16,,,,,,
2020-02-17,,,,,,
2020-02-18,,,,,,
2020-02-19,,,,,,
2020-02-20,,,,,,
2020-02-21,,,,,,
2020-02-22,,,,,,
2020-02-23,,,,,,
2020-02-24,,,,,,
2020-02-25,,,,,,
2020-02-26,,,,,,
2020-02-27,,,,,,
2020-02-28,,,,,,
2020-02-29,,,,,,
2020-03-01,,,,,,
2020-03-02,,,,,,
2020-03-03,,,,,,
2020-03-04,,,,,,
2020-03-05,,,,,,
2020-03-06,,,,,,
2020-03-07,,,,,,
2020-03-08,,,,,,
2020-03-09,,,,,,
2020-03-10,,,,,,
2020-03-11,,,,,,
2020-03-12,,,,,,
2020-03-13,,,,,,
2020-03-14,,,,,,
2020-03-15,,,,,,
2020-03-16,,,,,,
2020-03-17,,,,,,
2020-03-18,,,,,,
2020-03-19,,,,,,
2020-03-20,,,,,,
2020-03-21,,,,,,
2020-03-22,,,,,,
2020-03-23,,,,,,
2020-03-24,,,,,,
2020-03-25,,,,,,
2020-03-26,,,,,,
2020-03-27,,,,,,
2020-03-28,,,,,,
2020-03-29,,,,,,
2020-03-30,,,,,,
2020-03-31,,,,,,
2020-04-01,,,,,,
2020-04-02,,,,,,
2020-04-03,,,,,,
2020-04-04,,,,,,
2020-04-05,,,,,,
2020-04-06,,,,,,
2020-04-07,,,,,,
2020-04-08,,,,,,
2020-04-09,,,,,,
2020-04-10,,,,,,
2020-04-11,,,,,,
2020-04-12,,,,,,
2020-04-13,,,,,,
2020-04-14,,,,,,
2020-04-15,,,,,,
2020-04-16,,,,,,
2020-04-17,,,,,,
2020-04-18,,,,,,
2020-04-19,,,,,,
2020-04-20,,,,,,
2020-04-21,,,,,,
2020-04-22,,,,,,
2020-04-23,,,,,,
2020-04-24,,,,,,
2020-04-25,,,,,,
2020-04-26,,,,,,
2020-04-27,,,,,,
2020-04-28,,,,,,
2020-04-29,,,,,,
2020-04-30,,,,,,
2020-05-01,,,,,,
2020-05-02,,,,,,
2020-05-03,,,,,,
2020-05-04,,,,,,
2020-05-05,,,,,,
2020-05-06,,,,,,
2020-05-07,,,,,,
2020-05-08,,,,,,
2020-05-09,,,,,,
2020-05-10,,,,,,
2020-05-11,,,,,,
2020-05-12,,,,,,
2020-05-13,,,,,,
2020-05-14,,,,,,
2020-05-15,,,,,,
2020-05-16,,,,,,
2020-05-17,,,,,,
2020-05-18,,,,,,
2020-05-19,,,,,,
2020-05-20,,,,,,
2020-05-21,,,,,,
2020-05-22,,,,,,
2020-05-23,,,,,,
2020-05-24,,,,,,
2020-05-25,,,,,,
2020-05-26,,,,,,
2020-05-27,,,,,,
2020-05-28,,,,,,
2020-05-29,,,,,,
2020-05-30,,,,,,
2020-05-31,,,,,,
2020-06-01,,,,,,
2020-06-02,,,,,,
2020-06-03,,,,,,
2020-06-04,,,,,,
2020-06-05,,,,,,
2020-06-06,,,,,,
2020-06-07,,,,,,
2020-06-08,,,,,,
2020-06-09,,,,,,
2020-06-10,,,,,,
2020-06-11,,,,,,
2020-06-12,,,,,,
2020-06-13,,,,,,
2020-06-14,,,,,,
2020-06-15,,,,,,
2020-06-16,,,,,,
2020-06-17,,,,,,
2020-06-18,,,,,,
2020-06-19,,,,,,
2020-06-20,,,,,,
2020-06-21,,,,,,
2020-06-22,,,,,,
2020-06-23,,,,,,
2020-06-24,,,,,,
2020-06-25,,,,,,
2020-06-26,,,,,,
2020-06-27,,,,,,
2020-06-28,,,,,,
2020-06-29,,,,,,
2020-06-30,,,,,,
2020-07-01,,,,,,
2020-07-02,,,,,,
2020-07-03,,,,,,
2020-07-04,,,,,,
2020-07-05,,,,,,
2020-07-06,,,,,,
2020-07-07,,,,,,
2020-07-08,,,,,,
2020-07-09,,,,,,
2020-07-10,,,,,,
2020-07-11,,,,,,
2020-07-12,,,,,,
2020-07-13,,,,,,
2020-07-14,,,,,,
2020-07-15,,,,,,
2020-07-16,,,,,,
2020-07-17,,,,,,
2020-07-18,,,,,,
2020-07-19,,,,,,
2020-07-20,,,,,,
2020-07-21,,,,,,
2020-07-22,,,,,,
2020-07-23,,,,,,
2020-07-24,,,,,,
2020-07-25,,,,,,
2020-07-26,,,,,,
2020-07-27,,,,,,
2020-07-28,,,,,,
2020-07-29,,,,,,
2020-07-30,,,,,,
2020-07-31,,,,,,
2020-08-01,,,,,,
2020-08-02,,,,,,
2020-08-03,,,,,,
2020-08-04,,,,,,
2020-08-05,,,,,,
2020-08-06,,,,,,
2020-08-07,,,,,,
2020-08-08,,,,,,
2020-08-09,,,,,,
2020-08-10,,,,,,
2020-08-11,,,,,,
2020-08-12,,,,,,
2020-08-13,,,,,,
2020-08-14,,,,,,
2020-08-15,,,,,,
2020-08-16,,,,,,
2020-08-17,,,,,,
2020-08-18,,,,,,
2020-08-19,,,,,,
2020-08-20,,,,,,
2020-08-21,,,,,,
2020-08-22,,,,,,
2020-08-23,,,,,,
2020-08-24,,,,,,
2020-08-25,,,,,,
2020-08-26,,,,,,
2020-08-27,,,,,,
2020-08-28,2.546844959259033,2.546844959259033,5.195953845977783,1.2609529495239258,3.399935007095337,9782182.0
2020-08-29,1.1864279508590698,1.1864279508590698,2.9803080558776855,0.6965579986572266,2.540743112564087,24371937.0
2020-08-30,3.1422810554504395,3.1422810554504395,3.762795925140381,1.2093260288238525,1.215857982635498,93981664.0
2020-08-31,6.714776992797852,6.714776992797852,7.153902053833008,2.7910940647125244,3.1422810554504395,261601062.0
2020-09-01,8.917025566101074,8.917025566101074,11.933762550354004,6.219521999359131,6.714993000030518,592326063.0
2020-09-02,7.215372085571289,7.215372085571289,9.093302726745605,6.175918102264404,8.897053718566895,581254410.0
2020-09-03,4.991806983947754,4.991806983947754,8.796701431274414,4.781859874725342,7.2356061935424805,577016889.0
2020-09-04,4.609827041625977,4.609827041625977,5.745512962341309,4.464877128601074,4.964767932891846,342998662.0
2020-09-05,1.9481819868087769,1.9481819868087769,5.0190839767456055,1.3846499919891357,4.594119071960449,493710512.0
2020-09-06,3.1929221153259277,3.1929221153259277,3.484010934829712,1.167678952217102,1.9215999841690063,1108253041.0
2020-09-07,2.8374359607696533,2.8374359607696533,3.307668924331665,2.242685079574585,3.196820020675659,641983271.0
2020-09-08,2.377587080001831,2.377587080001831,2.953397035598755,2.312946081161499,2.8430700302124023,333785355.0
2020-09-09,2.878175973892212,2.878175973892212,3.166973114013672,2.1931989192962646,2.3723440170288086,470324448.0
2020-09-10,2.3899788856506348,2.3899788856506348,3.125300884246826,2.2657909393310547,2.8833200931549072,357473452.0
2020-09-11,2.708122968673706,2.708122968673706,2.9251129627227783,2.098335027694702,2.3869709968566895,463814467.0
2020-09-12,2.6165881156921387,2.6165881156921387,2.7208549976348877,2.3433759212493896,2.7208549976348877,391306556.0
2020-09-13,2.3277499675750732,2.3277499675750732,2.6274399757385254,2.210068941116333,2.6183080673217773,232778008.0
2020-09-14,2.465019941329956,2.465019941329956,2.673811912536621,2.1772871017456055,2.318459987640381,339732470.0
2020-09-15,1.7620160579681396,1.7620160579681396,2.6289820671081543,1.7363539934158325,2.465019941329956,414091618.0
2020-09-16,1.5142749547958374,1.5142749547958374,1.797737956047058,1.4798120260238647,1.7643009424209595,219596422.0
2020-09-17,1.5409530401229858,1.5409530401229858,1.6556739807128906,1.3288509845733643,1.5185530185699463,219306639.0
2020-09-18,1.686769962310791,1.686769962310791,1.8426929712295532,1.5368850231170654,1.5368850231170654,282138982.0
2020-09-19,1.7854950428009033,1.7854950428009033,1.9413180351257324,1.615394949913025,1.6929969787597656,220699414.0
2020-09-20,1.647068977355957,1.647068977355957,1.9343810081481934,1.5859819650650024,1.7780359983444214,213526569.0
2020-09-21,1.4222429990768433,1.4222429990768433,1.7314200401306152,1.3704169988632202,1.647068977355957,173947197.0
2020-09-22,1.3894590139389038,1.3894590139389038,1.4607700109481812,1.3274719715118408,1.420261025428772,97752461.0
2020-09-23,1.2713249921798706,1.2713249921798706,1.4416619539260864,1.2382780313491821,1.3915760517120361,167555127.0
2020-09-24,1.408079981803894,1.408079981803894,1.471371054649353,1.2541040182113647,1.2714149951934814,139292228.0
2020-09-25,1.4032549858093262,1.4032549858093262,1.437952995300293,1.3448549509048462,1.4117419719696045,89118562.0
2020-09-26,1.396752953529358,1.396752953529358,1.4391820430755615,1.358620047569275,1.4029719829559326,67899036.0
2020-09-27,1.3778589963912964,1.3778589963912964,1.442492961883545,1.346066951751709,1.3964179754257202,58414435.0
2020-09-28,1.2693450450897217,1.2693450450897217,1.3928940296173096,1.2582980394363403,1.3746219873428345,66061942.0
2020-09-29,1.2554359436035156,1.2554359436035156,1.2860139608383179,1.2007919549942017,1.2693450450897217,68354648.0
2020-09-30,1.2829140424728394,1.2829140424728394,1.3231019973754883,1.242946982383728,1.2533220052719116,74519613.0
2020-10-01,1.252100944519043,1.252100944519043,1.3489630222320557,1.2099980115890503,1.284891963005066,67203340.0
2020-10-02,1.120695948600769,1.120695948600769,1.2622909545898438,1.0724960565567017,1.2506170272827148,78960337.0
2020-10-03,1.0518419742584229,1.0518419742584229,1.1273020505905151,1.0518419742584229,1.1198179721832275,39015395.0
2020-10-04,0.8736960291862488,0.8736960291862488,1.0669440031051636,0.869674026966095,1.0572400093078613,82310426.0
2020-10-05,0.8457000255584717,0.8457000255584717,0.9374359846115112,0.8233270049095154,0.8775320053100586,103032459.0
2020-10-06,0.6386119723320007,0.6386119723320007,0.84859299659729,0.6304559707641602,0.8458399772644043,151672346.0
2020-10-07,0.6536750197410583,0.6536750197410583,0.6536750197410583,0.5544139742851257,0.6391699910163879,139071956.0
2020-10-08,0.7699990272521973,0.7699990272521973,0.7913110256195068,0.5992569923400879,0.6651390194892883,147745426.0
2020-10-09,0.8279470205307007,0.8279470205307007,0.8653479814529419,0.740676999092102,0.773160994052887,109110266.0
2020-10-10,0.749055027961731,0.749055027961731,0.8674989938735962,0.7367820143699646,0.8275859951972961,91958008.0
2020-10-11,0.7599999904632568,0.7599999904632568,0.7828440070152283,0.7006819844245911,0.7477610111236572,75332784.0
2020-10-12,0.7614359855651855,0.7614359855651855,0.7969239950180054,0.7333999872207642,0.7597020268440247,52137909.0
2020-10-13,0.7368900179862976,0.7368900179862976,0.7688279747962952,0.7163360118865967,0.7611119747161865,40287525.0
2020-10-14,0.722241997718811,0.722241997718811,0.7634750008583069,0.6939709782600403,0.7377960085868835,41677014.0
2020-10-15,0.7018759846687317,0.7018759846687317,0.7202209830284119,0.670864999294281,0.7202209830284119,42501507.0
2020-10-16,0.6523039937019348,0.6523039937019348,0.7060559988021851,0.6453700065612793,0.702085018157959,44168701.0
2020-10-17,0.6634389758110046,0.6634389758110046,0.6776430010795593,0.6449220180511475,0.6545310020446777,24828939.0
2020-10-18,0.7131180167198181,0.7131180167198181,0.7150589823722839,0.6618260145187378,0.6631010174751282,31253784.0
2020-10-19,0.6776340007781982,0.6776340007781982,0.7146819829940796,0.6711570024490356,0.713782012462616,30192159.0
2020-10-20,0.6259250044822693,0.6259250044822693,0.6786640286445618,0.6141219735145569,0.6786640286445618,31577541.0
2020-10-21,0.6642389893531799,0.6642389893531799,0.6933950185775757,0.6242499947547913,0.6276080012321472,39395597.0
2020-10-22,0.6642670035362244,0.6642670035362244,0.7142680287361145,0.6608499884605408,0.6647530198097229,32925766.0
2020-10-23,0.6639729738235474,0.6639729738235474,0.695002019405365,0.6465020179748535,0.666920006275177,24915300.0
2020-10-24,0.6571400165557861,0.6571400165557861,0.6687359809875488,0.6467409729957581,0.6639729738235474,14098346.0
2020-10-25,0.6229119896888733,0.6229119896888733,0.6577900052070618,0.6179720163345337,0.6571400165557861,17079120.0
2020-10-26,0.6270380020141602,0.6270380020141602,0.642553985118866,0.5916020274162292,0.6229119896888733,29724396.0
2020-10-27,0.6865789890289307,0.6865789890289307,0.707539975643158,0.6253200173377991,0.627036988735199,56467450.0
2020-10-28,0.6391050219535828,0.6391050219535828,0.698852002620697,0.6119109988212585,0.6865789890289307,49724948.0
2020-10-29,0.6424660086631775,0.6424660086631775,0.6772189736366272,0.620639979839325,0.6391050219535828,36378804.0
2020-10-30,0.5987799763679504,0.5987799763679504,0.6485120058059692,0.5900539755821228,0.642441987991333,35784943.0
2020-10-31,0.6050639748573303,0.6050639748573303,0.6325700283050537,0.5909000039100647,0.5987910032272339,21423757.0
2020-11-01,0.6046460270881653,0.6046460270881653,0.6151310205459595,0.5952469706535339,0.6050500273704529,14463039.0
2020-11-02,0.5836390256881714,0.5836390256881714,0.6201019883155823,0.5832380056381226,0.6046680212020874,26119879.0
2020-11-03,0.5235649943351746,0.5235649943351746,0.5836390256881714,0.5082700252532959,0.5836390256881714,31226527.0
2020-11-04,0.4865480065345764,0.4865480065345764,0.5273929834365845,0.473675012588501,0.5235689878463745,25435438.0
2020-11-05,0.5189759731292725,0.5189759731292725,0.5359600186347961,0.47957101464271545,0.4865480065345764,24117287.0
2020-11-06,0.6148399710655212,0.6148399710655212,0.6260319948196411,0.5160070061683655,0.5189679861068726,28678790.0
2020-11-07,0.6020489931106567,0.6020489931106567,0.7082419991493225,0.5828279852867126,0.6148399710655212,54335796.0
2020-11-08,0.6397650241851807,0.6397650241851807,0.6586719751358032,0.5915780067443848,0.6020489931106567,24619070.0
2020-11-09,0.6010349988937378,0.6010349988937378,0.6551769971847534,0.5857329964637756,0.6397650241851807,24408249.0
2020-11-10,0.6715570092201233,0.6715570092201233,0.6882150173187256,0.5857840180397034,0.6010349988937378,27954393.0
2020-11-11,0.6828830242156982,0.6828830242156982,0.7549129724502563,0.6715570092201233,0.6715570092201233,45371289.0
2020-11-12,0.6920269727706909,0.6920269727706909,0.7208240032196045,0.6451129913330078,0.6828820109367371,36803901.0
2020-11-13,0.9657040238380432,0.9657040238380432,0.9759399890899658,0.6871619820594788,0.6920279860496521,89140367.0
2020-11-14,1.056460976600647,1.056460976600647,1.090643048286438,0.8578299880027771,0.9657040238380432,132973144.0
2020-11-15,1.2458029985427856,1.2458029985427856,1.3975520133972168,1.048037052154541,1.056460976600647,202407463.0
2020-11-16,1.328091025352478,1.328091025352478,1.4624810218811035,1.1419310569763184,1.2458029985427856,210780832.0
2020-11-17,1.3367700576782227,1.3367700576782227,1.4311579465866089,1.235205054283142,1.3175450563430786,136147652.0
2020-11-18,1.1441819667816162,1.1441819667816162,1.352226972579956,1.0779919624328613,1.336732029914856,106347272.0
2020-11-19,1.5626909732818604,1.5626909732818604,1.6416130065917969,1.1182500123977661,1.144204020500183,257410437.0
2020-11-20,1.5758349895477295,1.5758349895477295,1.789749026298523,1.5013829469680786,1.5626879930496216,208875963.0
2020-11-21,1.642524003982544,1.642524003982544,1.729423999786377,1.5061609745025635,1.5758349895477295,145347238.0
2020-11-22,1.6070539951324463,1.6070539951324463,1.7417850494384766,1.4093810319900513,1.642524003982544,150977040.0
2020-11-23,1.5278509855270386,1.5278509855270386,1.6784809827804565,1.4335720539093018,1.6070549488067627,142090940.0
2020-11-24,1.3428549766540527,1.3428549766540527,1.5823709964752197,1.3021910190582275,1.5272170305252075,157887130.0
2020-11-25,1.2264389991760254,1.2264389991760254,1.500067949295044,1.1827080249786377,1.3413690328598022,116588471.0
2020-11-26,1.4196799993515015,1.4196799993515015,1.4205620288848877,0.9788680076599121,1.2251720428466797,208703021.0
2020-11-27,1.4498790502548218,1.4498790502548218,1.4996739625930786,1.3137400150299072,1.4200880527496338,171361621.0
2020-11-28,1.3647550344467163,1.3647550344467163,1.476523995399475,1.356016993522644,1.4494080543518066,79674880.0
2020-11-29,1.423388957977295,1.423388957977295,1.454800009727478,1.3521560430526733,1.3659809827804565,63878328.0
2020-11-30,1.5741640329360962,1.5741640329360962,1.5753769874572754,1.4166239500045776,1.4237200021743774,112773030.0
2020-12-01,1.9369879961013794,1.9369879961013794,2.003959894180298,1.5442990064620972,1.5753870010375977,408353803.0
2020-12-02,2.1787009239196777,2.1787009239196777,2.360795021057129,1.8816959857940674,1.9289569854736328,404543645.0
2020-12-03,2.13287091255188,2.13287091255188,2.217587947845459,2.0433061122894287,2.178555965423584,181869114.0
2020-12-04,1.90378999710083,1.90378999710083,2.1514101028442383,1.842839002609253,2.131859064102173,173984167.0
2020-12-05,2.3149430751800537,2.3149430751800537,2.320904016494751,1.8681399822235107,1.9072649478912354,214684543.0
2020-12-06,2.186721086502075,2.186721086502075,2.325252056121826,2.0805130004882812,2.31439208984375,147520870.0
2020-12-07,2.4168760776519775,2.4168760776519775,2.484705924987793,2.1118030548095703,2.1874589920043945,209537391.0
2020-12-08,2.1206400394439697,2.1206400394439697,2.4640679359436035,2.0580739974975586,2.41054105758667,227851958.0
2020-12-09,2.2185781002044678,2.2185781002044678,2.307724952697754,1.9782160520553589,2.1170730590820312,191943747.0
2020-12-10,2.1642730236053467,2.1642730236053467,2.231884002685547,2.1000139713287354,2.2169289588928223,132323905.0
2020-12-11,1.9309300184249878,1.9309300184249878,2.1621739864349365,1.8968050479888916,2.1614699363708496,145199231.0
2020-12-12,2.1477770805358887,2.1477770805358887,2.2077300548553467,1.9269269704818726,1.928676962852478,117013582.0
2020-12-13,2.385653018951416,2.385653018951416,2.4225618839263916,2.1495559215545654,2.1500489711761475,158156366.0
2020-12-14,2.563314914703369,2.563314914703369,2.583812952041626,2.254533052444458,2.3833909034729004,170416176.0
2020-12-15,2.7322840690612793,2.7322840690612793,2.7925961017608643,2.5335090160369873,2.562911033630371,257814436.0
2020-12-16,2.8420848846435547,2.8420848846435547,2.9468560218811035,2.5733580589294434,2.7287418842315674,313279804.0
2020-12-17,2.6842710971832275,2.6842710971832275,2.953130006790161,2.6481781005859375,2.8429698944091797,266556701.0
2020-12-18,2.8308210372924805,2.8308210372924805,2.8575000762939453,2.59517502784729,2.6843929290771484,172223048.0
2020-12-19,2.87733793258667,2.87733793258667,3.0708770751953125,2.7156319618225098,2.830070972442627,239670361.0
2020-12-20,2.700282096862793,2.700282096862793,2.9324100017547607,2.6469779014587402,2.8779399394989014,175507099.0
2020-12-21,2.5143790245056152,2.5143790245056152,2.777250051498413,2.448662042617798,2.7004599571228027,183466359.0
2020-12-22,2.721506118774414,2.721506118774414,2.7462210655212402,2.30157208442688,2.5137689113616943,225233336.0
2020-12-23,2.181555986404419,2.181555986404419,2.7526938915252686,1.3101439476013184,2.719249963760376,307914391.0
2020-12-24,2.5822389125823975,2.5822389125823975,2.5968899726867676,1.9927170276641846,2.1929309368133545,300002528.0
2020-12-25,2.5296380519866943,2.5296380519866943,2.671478033065796,2.375269889831543,2.5815589427948,197251419.0
2020-12-26,2.3774960041046143,2.3774960041046143,2.5335750579833984,2.3273580074310303,2.531903028488159,167555034.0
2020-12-27,2.6249659061431885,2.6249659061431885,2.712272882461548,2.31581711769104,2.379966974258423,250298743.0
2020-12-28,2.6188199520111084,2.6188199520111084,2.883526086807251,2.5713090896606445,2.6276628971099854,250882096.0
2020-12-29,2.5147221088409424,2.5147221088409424,2.6607720851898193,2.3793671131134033,2.61824107170105,187680479.0
2020-12-30,2.603667974472046,2.603667974472046,2.734631061553955,2.3925020694732666,2.5105490684509277,207562181.0
2020-12-31,2.862950086593628,2.862950086593628,2.9103519916534424,2.4624950885772705,2.597564935684204,246552202.0
2021-01-01,3.3310909271240234,3.3310909271240234,3.3310909271240234,2.8027820587158203,2.8633480072021484,393919495.0
2021-01-02,3.1959950923919678,3.1959950923919678,3.35719895362854,3.058734893798828,3.3308780193328857,368692971.0
2021-01-03,3.4410300254821777,3.4410300254821777,3.5830090045928955,2.9965999126434326,3.1970620155334473,410863381.0
2021-01-04,3.5641980171203613,3.5641980171203613,4.128889083862305,3.238054037094116,3.44638991355896,561466318.0
2021-01-05,3.865591049194336,3.865591049194336,3.9880270957946777,3.1430060863494873,3.56722092628479,544009391.0
2021-01-06,3.88665509223938,3.88665509223938,4.120320796966553,3.579967975616455,3.8644919395446777,415723844.0
2021-01-07,3.94042706489563,3.94042706489563,4.359354019165039,3.6581571102142334,3.8899619579315186,407953286.0
2021-01-08,4.300872802734375,4.300872802734375,4.468764781951904,3.2861568927764893,3.943376064300537,507317045.0
2021-01-09,4.671665191650391,4.671665191650391,4.985318183898926,4.183835983276367,4.299585819244385,547770211.0
2021-01-10,4.397375106811523,4.397375106811523,4.863997936248779,4.0876030921936035,4.673565864562988,387543123.0
2021-01-11,3.8691580295562744,3.8691580295562744,4.4034929275512695,3.205254077911377,4.3966779708862305,514656097.0
2021-01-12,4.2461628913879395,4.2461628913879395,4.638049125671387,3.719794988632202,3.8659110069274902,489509998.0
2021-01-13,5.111767768859863,5.111767768859863,5.18281888961792,3.999972105026245,4.247122764587402,554503572.0
2021-01-14,5.583545207977295,5.583545207977295,5.749773979187012,5.010064125061035,5.111540794372559,594812469.0
2021-01-15,6.417521953582764,6.417521953582764,6.6996002197265625,5.397694110870361,5.60933780670166,871448931.0
2021-01-16,7.157166004180908,7.157166004180908,7.476411819458008,6.1274638175964355,6.418893814086914,742419970.0
2021-01-17,7.045025825500488,7.045025825500488,7.781619071960449,6.820067882537842,7.152182102203369,741985642.0
2021-01-18,7.47147798538208,7.47147798538208,7.6952738761901855,6.8819169998168945,7.0465850830078125,604741193.0
2021-01-19,6.591366767883301,6.591366767883301,7.693439960479736,6.393307209014893,7.473133087158203,576490313.0
2021-01-20,7.284608840942383,7.284608840942383,7.316533088684082,6.089244842529297,6.571786880493164,626654166.0
2021-01-21,5.622572898864746,5.622572898864746,7.316341876983643,5.477653980255127,7.298960208892822,658655570.0
2021-01-22,6.75107479095459,6.75107479095459,6.98626708984375,5.246220111846924,5.611355781555176,615447155.0
2021-01-23,7.048518180847168,7.048518180847168,7.425978183746338,6.6145830154418945,6.742514133453369,535360128.0
2021-01-24,8.354352951049805,8.354352951049805,8.457512855529785,7.000071048736572,7.052271842956543,723152071.0
2021-01-25,7.652768135070801,7.652768135070801,9.167969703674316,7.44088077545166,8.342971801757812,1017994704.0
2021-01-26,8.108214378356934,8.108214378356934,8.367005348205566,6.815134048461914,7.645699977874756,1090546471.0
2021-01-27,7.100998878479004,7.100998878479004,8.173625946044922,6.984224796295166,8.12141227722168,811285339.0
2021-01-28,8.286766052246094,8.286766052246094,8.691713333129883,6.986908912658691,7.092909812927246,867555137.0
2021-01-29,9.005681037902832,9.005681037902832,9.005681037902832,7.796976089477539,8.479744911193848,834583906.0
2021-01-30,10.31795597076416,10.31795597076416,10.325404167175293,8.406286239624023,8.997455596923828,930690704.0
2021-01-31,10.156295776367188,10.156295776367188,10.97349739074707,9.68496322631836,10.346739768981934,1321376870.0
2021-02-01,12.966564178466797,12.966564178466797,13.027007102966309,9.776761054992676,10.143258094787598,1264928626.0
2021-02-02,12.677213668823242,12.677213668823242,13.765471458435059,12.23245620727539,12.989320755004883,1131578998.0
2021-02-03,14.23784065246582,14.23784065246582,14.852083206176758,12.512635231018066,12.679938316345215,1028914718.0
2021-02-04,15.447585105895996,15.447585105895996,16.510129928588867,14.045245170593262,14.228203773498535,1197253371.0
2021-02-05,14.982338905334473,14.982338905334473,15.818275451660156,14.8184232711792,15.435428619384766,760400197.0
2021-02-06,13.841278076171875,13.841278076171875,15.363273620605469,13.313382148742676,14.98157024383545,965755282.0
2021-02-07,13.156203269958496,13.156203269958496,13.984495162963867,11.521946907043457,13.824559211730957,811188173.0
2021-02-08,14.132465362548828,14.132465362548828,14.639327049255371,12.703819274902344,13.13833236694336,801035905.0
2021-02-09,14.34217357635498,14.34217357635498,14.936494827270508,13.634122848510742,14.124716758728027,695478163.0
2021-02-10,14.88676929473877,14.88676929473877,15.810704231262207,13.856654167175293,14.321474075317383,950211536.0
2021-02-11,16.917259216308594,16.917259216308594,17.466447830200195,14.209861755371094,14.872770309448242,900312206.0
2021-02-12,16.591354370117188,16.591354370117188,17.27327537536621,15.724085807800293,16.87571144104004,728532636.0
2021-02-13,15.99415397644043,15.99415397644043,17.2242374420166,15.702922821044922,16.593372344970703,537759755.0
2021-02-14,14.9961519241333,14.9961519241333,16.324039459228516,14.882386207580566,15.997077941894531,483513847.0
2021-02-15,17.24179458618164,17.24179458618164,18.344112396240234,12.937576293945312,14.973115921020508,1150281438.0
2021-02-16,16.454713821411133,16.454713821411133,17.905359268188477,15.640297889709473,17.22759437561035,670120535.0
2021-02-17,16.20451545715332,16.20451545715332,17.099050521850586,14.710471153259277,16.456151962280273,756634979.0
2021-02-18,15.801433563232422,15.801433563232422,16.932222366333008,15.539735794067383,16.18861961364746,421399052.0
2021-02-19,14.535213470458984,14.535213470458984,15.888587951660156,13.980085372924805,15.813090324401855,655842887.0
2021-02-20,18.430219650268555,18.430219650268555,19.652109146118164,14.522592544555664,14.536678314208984,1910186131.0
2021-02-21,17.359952926635742,17.359952926635742,19.319997787475586,16.923553466796875,18.38399887084961,665807953.0
2021-02-22,16.60166358947754,16.60166358947754,17.35822868347168,13.597622871398926,17.348514556884766,1071248853.0
2021-02-23,14.682751655578613,14.682751655578613,17.271560668945312,11.998250007629395,16.601848602294922,1139293611.0
2021-02-24,14.717079162597656,14.717079162597656,15.75225830078125,13.71972942352295,14.73701000213623,601790697.0
2021-02-25,14.303003311157227,14.303003311157227,17.07384490966797,14.278674125671387,14.708720207214355,872519036.0
2021-02-26,15.27988052368164,15.27988052368164,16.468175888061523,13.158135414123535,14.370044708251953,983782676.0
2021-02-27,16.244426727294922,16.244426727294922,17.540300369262695,15.297945022583008,15.297945022583008,807924248.0
2021-02-28,15.034717559814453,15.034717559814453,16.319765090942383,13.753374099731445,16.25926971435547,712136118.0
2021-03-01,18.797578811645508,18.797578811645508,18.800081253051758,15.014370918273926,15.051033020019531,880392377.0
2021-03-02,17.916292190551758,17.916292190551758,20.537242889404297,16.92080307006836,18.809398651123047,1789945589.0
2021-03-03,17.483110427856445,17.483110427856445,19.09023094177246,17.231935501098633,17.886474609375,749769216.0
2021-03-04,17.336515426635742,17.336515426635742,18.840435028076172,17.026203155517578,17.45995330810547,702265424.0
2021-03-05,16.675033569335938,16.675033569335938,17.331146240234375,15.67985725402832,17.32660675048828,528508950.0
2021-03-06,16.627593994140625,16.627593994140625,17.019201278686523,15.80866527557373,16.65806007385254,341760213.0
2021-03-07,17.850955963134766,17.850955963134766,18.018199920654297,16.356523513793945,16.631376266479492,492549814.0
2021-03-08,17.24905776977539,17.24905776977539,18.170856475830078,16.769210815429688,17.880388259887695,469887469.0
2021-03-09,19.679771423339844,19.679771423339844,20.095924377441406,17.145877838134766,17.255292892456055,833739027.0
2021-03-10,17.97428321838379,17.97428321838379,19.768760681152344,17.72588348388672,19.672889709472656,504016911.0
2021-03-11,18.602462768554688,18.602462768554688,19.21184539794922,17.096683502197266,17.95680809020996,613734165.0
2021-03-12,19.441545486450195,19.441545486450195,19.55365753173828,18.12603759765625,18.610761642456055,695013629.0
2021-03-13,22.906633377075195,22.906633377075195,23.38225555419922,19.036502838134766,19.444955825805664,1348444455.0
2021-03-14,20.786029815673828,20.786029815673828,22.997282028198242,20.447608947753906,22.862821578979492,654693135.0
2021-03-15,19.802776336669922,19.802776336669922,21.836719512939453,19.61412239074707,20.731050491333008,554656723.0
2021-03-16,20.198144912719727,20.198144912719727,20.434345245361328,18.76243019104004,19.807510375976562,468726015.0
2021-03-17,19.906997680664062,19.906997680664062,20.34958839416504,19.15799331665039,20.20294189453125,324937486.0
2021-03-18,19.782617568969727,19.782617568969727,20.276416778564453,19.591915130615234,19.88992691040039,332577021.0
2021-03-19,20.34185218811035,20.34185218811035,20.630996704101562,19.1212158203125,19.763521194458008,343254642.0
2021-03-20,19.52090835571289,19.52090835571289,21.0180721282959,19.52090835571289,20.328296661376953,294653610.0
2021-03-21,18.873218536376953,18.873218536376953,19.730594635009766,18.46036148071289,19.519508361816406,356496278.0
2021-03-22,17.41276741027832,17.41276741027832,19.124616622924805,17.361087799072266,18.87946891784668,353510841.0
2021-03-23,16.492786407470703,16.492786407470703,17.8221435546875,16.393028259277344,17.40165138244629,369040860.0
2021-03-24,15.021149635314941,15.021149635314941,17.438764572143555,14.648253440856934,16.477970123291016,403504379.0
2021-03-25,14.881026268005371,14.881026268005371,15.304082870483398,14.193662643432617,14.999528884887695,490130386.0
2021-03-26,16.8360652923584,16.8360652923584,16.904605865478516,14.859757423400879,14.87366771697998,355245353.0
2021-03-27,16.184911727905273,16.184911727905273,16.945072174072266,15.87716293334961,16.832500457763672,248576606.0
2021-03-28,15.267552375793457,15.267552375793457,16.407474517822266,14.917181015014648,16.180706024169922,282143128.0
2021-03-29,15.828492164611816,15.828492164611816,16.050628662109375,15.068615913391113,15.267168045043945,335444038.0
2021-03-30,15.432110786437988,15.432110786437988,15.936015129089355,15.30622673034668,15.822131156921387,275108946.0
2021-03-31,14.670450210571289,14.670450210571289,15.656205177307129,14.202718734741211,15.432093620300293,432039679.0
2021-04-01,14.886133193969727,14.886133193969727,15.224156379699707,14.619441986083984,14.680268287658691,367855254.0
2021-04-02,16.46523094177246,16.46523094177246,16.523561477661133,14.664205551147461,14.879366874694824,481446040.0
2021-04-03,14.876599311828613,14.876599311828613,16.540264129638672,14.74710464477539,16.461444854736328,431091130.0
2021-04-04,15.321427345275879,15.321427345275879,15.566957473754883,14.745888710021973,14.872271537780762,296057578.0
2021-04-05,15.047568321228027,15.047568321228027,15.651223182678223,14.804030418395996,15.32030963897705,293887015.0
2021-04-06,15.366249084472656,15.366249084472656,15.920005798339844,14.869241714477539,15.061291694641113,354543086.0
2021-04-07,13.877435684204102,13.877435684204102,15.493844985961914,13.54404067993164,15.350040435791016,395796127.0
2021-04-08,14.4190092086792,14.4190092086792,14.623883247375488,13.789345741271973,13.893241882324219,213806826.0
2021-04-09,14.556017875671387,14.556017875671387,15.387955665588379,14.373221397399902,14.420411109924316,286602471.0
2021-04-10,14.50247859954834,14.50247859954834,15.159920692443848,14.097442626953125,14.550922393798828,254962735.0
2021-04-11,14.21216869354248,14.21216869354248,14.558152198791504,14.025994300842285,14.512561798095703,249981788.0
2021-04-12,16.066652297973633,16.066652297973633,16.419858932495117,13.92361831665039,14.216225624084473,904437299.0
2021-04-13,15.847641944885254,15.847641944885254,16.451873779296875,15.30431079864502,16.049253463745117,522951499.0
2021-04-14,17.58303451538086,17.58303451538086,17.693601608276367,15.678360939025879,15.844538688659668,831395448.0
2021-04-15,17.614158630371094,17.614158630371094,18.27851676940918,17.237491607666016,17.544696807861328,547456106.0
2021-04-16,16.31578254699707,16.31578254699707,17.58433723449707,15.804387092590332,17.575342178344727,537216959.0
2021-04-17,16.020265579223633,16.020265579223633,16.861427307128906,15.5812406539917,16.283193588256836,377777088.0
2021-04-18,14.037149429321289,14.037149429321289,16.222206115722656,11.440256118774414,16.018413543701172,1212413901.0
2021-04-19,12.199387550354004,12.199387550354004,14.309712409973145,11.886344909667969,14.0250883102417,683757988.0
2021-04-20,12.706245422363281,12.706245422363281,12.77182674407959,11.100678443908691,12.148571014404297,532823263.0
2021-04-21,12.497514724731445,12.497514724731445,13.486263275146484,11.840428352355957,12.704740524291992,484632160.0
2021-04-22,12.34947681427002,12.34947681427002,14.314117431640625,12.053688049316406,12.454397201538086,715212784.0
2021-04-23,11.816357612609863,11.816357612609863,12.595272064208984,10.198616981506348,12.327248573303223,694840918.0
2021-04-24,10.689043045043945,10.689043045043945,11.827467918395996,10.545482635498047,11.827467918395996,288274181.0
2021-04-25,10.924309730529785,10.924309730529785,11.643603324890137,10.347311019897461,10.700868606567383,294685341.0
2021-04-26,12.165196418762207,12.165196418762207,12.46398639678955,10.899921417236328,10.960480690002441,385489114.0
2021-04-27,14.251701354980469,14.251701354980469,14.437548637390137,11.94973087310791,12.154241561889648,612611084.0
2021-04-28,14.279097557067871,14.279097557067871,14.53868293762207,12.953146934509277,14.27668285369873,583061654.0
2021-04-29,14.037583351135254,14.037583351135254,14.861021995544434,13.583197593688965,14.308831214904785,509290583.0
2021-04-30,14.361084938049316,14.361084938049316,14.672823905944824,13.80734920501709,14.046963691711426,334681524.0
2021-05-01,14.790046691894531,14.790046691894531,15.14871883392334,14.26697826385498,14.356496810913086,341466820.0
2021-05-02,13.899136543273926,13.899136543273926,14.852388381958008,13.764322280883789,14.770674705505371,367994670.0
2021-05-03,14.399467468261719,14.399467468261719,14.857284545898438,13.898831367492676,13.900715827941895,475138351.0
2021-05-04,12.71133804321289,12.71133804321289,14.451427459716797,12.620070457458496,14.384815216064453,531784075.0
2021-05-05,14.371627807617188,14.371627807617188,14.474642753601074,12.532939910888672,12.679485321044922,438168841.0
2021-05-06,16.472583770751953,16.472583770751953,16.941904067993164,13.977577209472656,14.367941856384277,1386411691.0
2021-05-07,15.828688621520996,15.828688621520996,17.781452178955078,15.364370346069336,16.513687133789062,1072509567.0
2021-05-08,16.276771545410156,16.276771545410156,16.784608840942383,15.481810569763184,15.80534553527832,524205611.0
2021-05-09,15.519702911376953,15.519702911376953,16.504871368408203,15.281684875488281,16.31405258178711,476913954.0
2021-05-10,13.842429161071777,13.842429161071777,16.681325912475586,12.954232215881348,15.506458282470703,796502889.0
2021-05-11,15.243399620056152,15.243399620056152,15.297494888305664,13.392487525939941,13.842434883117676,571278032.0
2021-05-12,14.555278778076172,14.555278778076172,18.36165428161621,14.555278778076172,15.252654075622559,1839894748.0
2021-05-13,14.745390892028809,14.745390892028809,16.787473678588867,13.870019912719727,14.851295471191406,1120779882.0
2021-05-14,18.52515983581543,18.52515983581543,19.006336212158203,14.682828903198242,14.76136302947998,1174058758.0
2021-05-15,16.178659439086914,16.178659439086914,18.946168899536133,16.140546798706055,18.561594009399414,1025989098.0
2021-05-16,16.54637908935547,16.54637908935547,17.641876220703125,15.011897087097168,16.1741886138916,817137234.0
2021-05-17,16.1419677734375,16.1419677734375,18.248262405395508,14.400810241699219,16.56177520751953,1136115206.0
2021-05-18,21.438846588134766,21.438846588134766,22.520824432373047,16.082645416259766,16.147968292236328,2121296203.0
2021-05-19,13.305028915405273,13.305028915405273,21.9490966796875,10.38264274597168,21.507553100585938,2720807434.0
2021-05-20,15.204879760742188,15.204879760742188,17.024494171142578,11.583331108093262,13.161392211914062,1600250946.0
2021-05-21,12.746949195861816,12.746949195861816,16.394371032714844,10.398343086242676,15.142404556274414,1214940074.0
2021-05-22,11.067607879638672,11.067607879638672,12.861294746398926,10.020966529846191,12.772562026977539,990698358.0
2021-05-23,9.02217960357666,9.02217960357666,11.469895362854004,6.3426289558410645,11.087384223937988,1693523089.0
2021-05-24,11.957594871520996,11.957594871520996,12.26807975769043,8.96897029876709,9.01775074005127,1236313348.0
2021-05-25,12.26894474029541,12.26894474029541,12.641340255737305,9.662062644958496,11.974839210510254,1128111770.0
2021-05-26,13.449142456054688,13.449142456054688,13.587980270385742,11.60538387298584,12.259254455566406,995866066.0
2021-05-27,12.072751998901367,12.072751998901367,13.451847076416016,11.611515998840332,13.451847076416016,536819669.0
2021-05-28,10.60910415649414,10.60910415649414,12.378755569458008,10.043011665344238,12.10755729675293,551503373.0
2021-05-29,10.051495552062988,10.051495552062988,11.395913124084473,9.641738891601562,10.60435676574707,392753653.0
2021-05-30,10.841608047485352,10.841608047485352,11.13615894317627,9.622697830200195,10.038095474243164,413323325.0
2021-05-31,12.52599811553955,12.52599811553955,12.53898811340332,10.093766212463379,10.83323860168457,544074112.0
2021-06-01,12.05412483215332,12.05412483215332,12.663985252380371,11.367815017700195,12.476825714111328,374802323.0
2021-06-02,12.54766845703125,12.54766845703125,12.964173316955566,11.653736114501953,12.052228927612305,359230283.0
2021-06-03,13.199371337890625,13.199371337890625,13.504685401916504,12.268256187438965,12.549805641174316,328577885.0
2021-06-04,11.83646011352539,11.83646011352539,13.230982780456543,11.38039493560791,13.230982780456543,346087987.0
2021-06-05,11.562337875366211,11.562337875366211,12.573501586914062,11.06861400604248,11.856082916259766,352271034.0
2021-06-06,11.549153327941895,11.549153327941895,11.894522666931152,11.34221076965332,11.574987411499023,186161881.0
2021-06-07,10.246143341064453,10.246143341064453,11.830293655395508,10.215746879577637,11.547191619873047,278125296.0
2021-06-08,10.122906684875488,10.122906684875488,10.518293380737305,9.120694160461426,10.27483081817627,383726046.0
2021-06-09,10.536340713500977,10.536340713500977,10.536340713500977,9.502124786376953,10.084933280944824,353472171.0
2021-06-10,9.400238990783691,9.400238990783691,10.582219123840332,9.215470314025879,10.548415184020996,252463455.0
2021-06-11,8.561288833618164,8.561288833618164,9.5518159866333,8.318116188049316,9.41162109375,224559776.0
2021-06-12,7.849050998687744,7.849050998687744,8.564569473266602,7.64900016784668,8.564569473266602,292697581.0
2021-06-13,8.653580665588379,8.653580665588379,8.82701587677002,7.755795001983643,7.836625099182129,222533312.0
2021-06-14,8.696927070617676,8.696927070617676,9.44254207611084,8.39542007446289,8.632980346679688,216127712.0
2021-06-15,9.338329315185547,9.338329315185547,9.644096374511719,8.946844100952148,9.22326946258545,288445634.0
2021-06-16,8.474940299987793,8.474940299987793,9.112936973571777,8.25515365600586,9.112936973571777,216351410.0
2021-06-17,8.460043907165527,8.460043907165527,9.107044219970703,8.221905708312988,8.477919578552246,195132052.0
2021-06-18,7.817036151885986,7.817036151885986,8.482457160949707,7.583882808685303,8.470874786376953,181228070.0
2021-06-19,7.520470142364502,7.520470142364502,7.989712238311768,7.483841896057129,7.836651802062988,134628010.0
2021-06-20,8.438154220581055,8.438154220581055,8.646526336669922,7.3427839279174805,7.490471839904785,422138787.0
2021-06-21,6.649785995483398,6.649785995483398,8.516008377075195,6.611908912658691,8.423789978027344,406896177.0
2021-06-22,6.795817852020264,6.795817852020264,7.5294318199157715,6.012173175811768,6.640554904937744,535324860.0
2021-06-23,7.187820911407471,7.187820911407471,7.531442165374756,6.526331901550293,6.806324005126953,341418794.0
2021-06-24,7.048219203948975,7.048219203948975,7.337161064147949,6.640276908874512,7.05406379699707,180542000.0
2021-06-25,6.314826011657715,6.314826011657715,7.200572967529297,6.159893035888672,7.061405181884766,205827722.0
2021-06-26,6.825347900390625,6.825347900390625,6.825347900390625,6.070693016052246,6.300965785980225,193295540.0
2021-06-27,7.110857963562012,7.110857963562012,7.139700889587402,6.494322776794434,6.832641124725342,168882082.0
2021-06-28,7.566769123077393,7.566769123077393,7.762801170349121,7.029256820678711,7.124279975891113,184295794.0
2021-06-29,7.908463001251221,7.908463001251221,8.439412117004395,7.562428951263428,7.589993953704834,227360286.0
2021-06-30,8.150286674499512,8.150286674499512,8.180419921875,7.2581939697265625,7.936511039733887,228397778.0
2021-07-01,7.434536933898926,7.434536933898926,8.157835960388184,7.189061164855957,8.157835960388184,168561755.0
2021-07-02,7.417395114898682,7.417395114898682,7.523593902587891,6.982540130615234,7.426652908325195,132187101.0
2021-07-03,7.61467981338501,7.61467981338501,7.700416088104248,7.267219066619873,7.418367862701416,100715756.0
2021-07-04,7.938859939575195,7.938859939575195,8.223786354064941,7.375557899475098,7.6188459396362305,160570121.0
2021-07-05,8.077016830444336,8.077016830444336,8.221023559570312,7.227222919464111,7.934907913208008,220823488.0
2021-07-06,8.978275299072266,8.978275299072266,9.51091194152832,8.075733184814453,8.075733184814453,591887530.0
2021-07-07,8.778944969177246,8.778944969177246,9.70460033416748,8.760188102722168,8.984960556030273,314733469.0
2021-07-08,7.921393871307373,7.921393871307373,8.790336608886719,7.80977201461792,8.786852836608887,232550923.0
2021-07-09,8.388420104980469,8.388420104980469,8.550161361694336,7.626844882965088,7.897347927093506,223533128.0
2021-07-10,7.996417999267578,7.996417999267578,8.60579776763916,7.86387300491333,8.406868934631348,141343781.0
2021-07-11,8.144452095031738,8.144452095031738,8.392998695373535,7.833343029022217,7.990300178527832,151354728.0
2021-07-12,7.6603240966796875,7.6603240966796875,8.276122093200684,7.4553070068359375,8.1488037109375,145661065.0
2021-07-13,7.122456073760986,7.122456073760986,7.670598030090332,6.937167167663574,7.643581867218018,157238877.0
2021-07-14,7.114451885223389,7.114451885223389,7.339230060577393,6.743062973022461,7.133894920349121,173369442.0
2021-07-15,6.68779182434082,6.68779182434082,7.390054225921631,6.623754024505615,7.126812934875488,200887396.0
2021-07-16,6.367037773132324,6.367037773132324,6.881796836853027,6.329096794128418,6.71272087097168,153350541.0
2021-07-17,7.486792087554932,7.486792087554932,7.4971418380737305,6.311339855194092,6.349635124206543,399642581.0
2021-07-18,7.097529888153076,7.097529888153076,7.931363105773926,7.029527187347412,7.493628978729248,225725833.0
2021-07-19,6.621362209320068,6.621362209320068,7.149476051330566,6.47627592086792,7.086781978607178,217645520.0
2021-07-20,6.320847988128662,6.320847988128662,6.74298095703125,6.0439839363098145,6.645363807678223,198141457.0
2021-07-21,7.064917087554932,7.064917087554932,7.166813850402832,6.143045902252197,6.292727947235107,229732526.0
2021-07-22,8.217723846435547,8.217723846435547,8.222185134887695,7.0429768562316895,7.079685211181641,438338829.0
2021-07-23,8.592537879943848,8.592537879943848,8.612274169921875,7.669466018676758,8.253055572509766,393466974.0
2021-07-24,8.06756591796875,8.06756591796875,8.600226402282715,7.895978927612305,8.590777397155762,243007696.0
2021-07-25,8.328706741333008,8.328706741333008,8.328706741333008,7.770956993103027,8.03860855102539,214758588.0
2021-07-26,8.28860092163086,8.28860092163086,9.607327461242676,8.261174201965332,8.328069686889648,519137907.0
2021-07-27,8.188328742980957,8.188328742980957,8.536446571350098,7.836726188659668,8.286361694335938,357440634.0
2021-07-28,8.114288330078125,8.114288330078125,8.503751754760742,8.028762817382812,8.2010498046875,270552301.0
2021-07-29,8.158960342407227,8.158960342407227,8.282634735107422,7.983295917510986,8.153580665588379,205674989.0
2021-07-30,8.484079360961914,8.484079360961914,8.525135040283203,7.911764144897461,8.177767753601074,240041401.0
2021-07-31,8.883851051330566,8.883851051330566,9.00877857208252,8.2166109085083,8.477209091186523,247732619.0
2021-08-01,8.50441837310791,8.50441837310791,9.1961030960083,8.36388111114502,8.856477737426758,264957557.0
2021-08-02,8.359320640563965,8.359320640563965,8.710600852966309,8.290363311767578,8.492809295654297,167159719.0
2021-08-03,8.050895690917969,8.050895690917969,8.457141876220703,7.883519172668457,8.350539207458496,185067120.0
2021-08-04,8.746051788330078,8.746051788330078,8.869549751281738,7.958123207092285,8.090093612670898,198213699.0
2021-08-05,9.623457908630371,9.623457908630371,9.646859169006348,8.201128959655762,8.757396697998047,358459301.0
2021-08-06,9.786214828491211,9.786214828491211,10.110267639160156,9.002015113830566,9.631622314453125,341661678.0
2021-08-07,10.326122283935547,10.326122283935547,10.687606811523438,9.724635124206543,9.812337875366211,346261061.0
2021-08-08,9.389382362365723,9.389382362365723,10.470640182495117,9.228812217712402,10.349191665649414,251171117.0
2021-08-09,9.83498477935791,9.83498477935791,10.138955116271973,9.056112289428711,9.391221046447754,292726505.0
2021-08-10,10.355487823486328,10.355487823486328,10.63427734375,9.59512996673584,9.812121391296387,385447151.0
2021-08-11,11.244948387145996,11.244948387145996,12.132407188415527,10.362203598022461,10.375326156616211,531597307.0
2021-08-12,12.10575008392334,12.10575008392334,12.148296356201172,10.557909965515137,11.22753620147705,495225839.0
2021-08-13,12.560799598693848,12.560799598693848,12.588499069213867,11.791696548461914,12.15876293182373,404516989.0
2021-08-14,12.212671279907227,12.212671279907227,12.846564292907715,11.853654861450195,12.564818382263184,311280868.0
2021-08-15,12.61401653289795,12.61401653289795,12.718162536621094,11.526459693908691,12.212540626525879,325267713.0
2021-08-16,12.643485069274902,12.643485069274902,13.40755844116211,11.990029335021973,12.61951732635498,607591190.0
2021-08-17,12.581308364868164,12.581308364868164,14.436285972595215,12.17638111114502,12.568169593811035,883385015.0
2021-08-18,12.608274459838867,12.608274459838867,13.353891372680664,12.032134056091309,12.584651947021484,593559387.0
2021-08-19,13.992816925048828,13.992816925048828,14.225725173950195,12.05057144165039,12.563782691955566,630682524.0
2021-08-20,14.663202285766602,14.663202285766602,14.695856094360352,13.556700706481934,14.001861572265625,493262053.0
2021-08-21,13.675979614257812,13.675979614257812,14.806575775146484,13.498015403747559,14.675361633300781,449616033.0
2021-08-22,13.758485794067383,13.758485794067383,14.036162376403809,13.138392448425293,13.672863960266113,281716297.0
2021-08-23,13.792943954467773,13.792943954467773,14.151284217834473,13.580452919006348,13.775459289550781,262712101.0
2021-08-24,12.316389083862305,12.316389083862305,13.93886661529541,12.24501895904541,13.804299354553223,375282188.0
2021-08-25,12.234373092651367,12.234373092651367,12.627559661865234,11.545565605163574,12.33208179473877,360939244.0
2021-08-26,11.60483455657959,11.60483455657959,12.497085571289062,11.256378173828125,12.259593963623047,317953596.0
2021-08-27,12.211878776550293,12.211878776550293,12.279099464416504,11.248915672302246,11.62611198425293,317991349.0
2021-08-28,11.779703140258789,11.779703140258789,12.2880859375,11.612849235534668,12.215925216674805,204045205.0
2021-08-29,11.609625816345215,11.609625816345215,12.050511360168457,11.28565502166748,11.787407875061035,229369743.0
2021-08-30,11.473718643188477,11.473718643188477,12.192893028259277,11.018634796142578,11.612194061279297,304521333.0
2021-08-31,12.08731460571289,12.08731460571289,12.290264129638672,11.16501235961914,11.513073921203613,404816120.0
2021-09-01,13.896273612976074,13.896273612976074,13.914974212646484,11.712385177612305,12.063078880310059,607400434.0
2021-09-02,13.144393920898438,13.144393920898438,13.926703453063965,12.915842056274414,13.834060668945312,315175852.0
2021-09-03,13.057641983032227,13.057641983032227,13.549800872802734,12.780984878540039,13.120142936706543,292880845.0
2021-09-04,13.111411094665527,13.111411094665527,13.319096565246582,12.84132194519043,13.077292442321777,220107805.0
2021-09-05,14.27033805847168,14.27033805847168,14.280074119567871,12.98977279663086,13.09520435333252,437680260.0
2021-09-06,13.613262176513672,13.613262176513672,14.292885780334473,13.307104110717773,14.275724411010742,286052346.0
2021-09-07,10.867143630981445,10.867143630981445,13.765189170837402,9.394810676574707,13.61654281616211,712173220.0
2021-09-08,11.296086311340332,11.296086311340332,11.632492065429688,10.103680610656738,10.868322372436523,414042468.0
2021-09-09,11.008451461791992,11.008451461791992,11.914461135864258,10.961896896362305,11.172102928161621,362982012.0
2021-09-10,10.124906539916992,10.124906539916992,11.38757038116455,9.813982009887695,11.00161075592041,271406017.0
2021-09-11,10.582096099853516,10.582096099853516,10.873774528503418,10.082598686218262,10.131404876708984,180019681.0
2021-09-12,11.824880599975586,11.824880599975586,11.919568061828613,10.359538078308105,10.579298973083496,349459851.0
2021-09-13,11.07474136352539,11.07474136352539,12.041597366333008,10.078405380249023,11.882728576660156,450965902.0
2021-09-14,13.174638748168945,13.174638748168945,13.174638748168945,11.001949310302734,11.078347206115723,549968381.0
2021-09-15,15.182012557983398,15.182012557983398,15.521825790405273,12.640780448913574,13.189310073852539,925249276.0
2021-09-16,14.955459594726562,14.955459594726562,16.104459762573242,14.379538536071777,15.177736282348633,1152537286.0
2021-09-17,12.507878303527832,12.507878303527832,15.234916687011719,12.339276313781738,14.918854713439941,1227961560.0
2021-09-18,12.69441032409668,12.69441032409668,13.281064987182617,12.114809036254883,12.503214836120605,641229772.0
2021-09-19,12.021020889282227,12.021020889282227,12.711539268493652,11.819809913635254,12.682509422302246,341440629.0
2021-09-20,10.220154762268066,10.220154762268066,12.064705848693848,9.975886344909668,12.04703140258789,533985516.0
2021-09-21,9.223273277282715,9.223273277282715,10.867354393005371,9.002866744995117,10.310123443603516,452056053.0
2021-09-22,10.503580093383789,10.503580093383789,10.59396743774414,9.079702377319336,9.210161209106445,368069833.0
2021-09-23,10.61999797821045,10.61999797821045,10.816383361816406,10.137436866760254,10.515612602233887,357614322.0
2021-09-24,9.677311897277832,9.677311897277832,10.644182205200195,8.958911895751953,10.641219139099121,406932678.0
2021-09-25,9.514881134033203,9.514881134033203,9.819863319396973,9.08425521850586,9.689751625061035,278381328.0
2021-09-26,11.405241012573242,11.405241012573242,11.56840705871582,8.52526569366455,9.521409034729004,1031003124.0
2021-09-27,10.009037017822266,10.009037017822266,11.941126823425293,9.979352951049805,11.439164161682129,624888794.0
2021-09-28,9.671743392944336,9.671743392944336,10.405243873596191,9.638989448547363,10.014970779418945,504069194.0
2021-09-29,9.512317657470703,9.512317657470703,10.081504821777344,9.238155364990234,9.694192886352539,364255199.0
2021-09-30,10.139615058898926,10.139615058898926,10.166997909545898,9.457846641540527,9.51562786102295,321189593.0
2021-10-01,10.826912879943848,10.826912879943848,10.964584350585938,10.063076972961426,10.151939392089844,330743698.0
2021-10-02,10.909473419189453,10.909473419189453,11.300065994262695,10.510374069213867,10.822874069213867,229732473.0
2021-10-03,10.816259384155273,10.816259384155273,11.181588172912598,10.669807434082031,10.903955459594727,188564450.0
2021-10-04,10.359911918640137,10.359911918640137,10.823023796081543,10.082991600036621,10.823023796081543,232183862.0
2021-10-05,10.789456367492676,10.789456367492676,10.801874160766602,10.290327072143555,10.355897903442383,246359983.0
2021-10-06,10.543194770812988,10.543194770812988,10.975056648254395,9.90400218963623,10.849761009216309,348552733.0
2021-10-07,10.765813827514648,10.765813827514648,11.09295654296875,10.245226860046387,10.534126281738281,272380346.0
2021-10-08,10.744705200195312,10.744705200195312,11.50121021270752,10.666851043701172,10.780548095703125,277538159.0
2021-10-09,10.909198760986328,10.909198760986328,10.968560218811035,10.581975936889648,10.711348533630371,127624732.0
2021-10-10,10.277252197265625,10.277252197265625,11.113520622253418,10.206374168395996,10.948461532592773,186203669.0
2021-10-11,10.350174903869629,10.350174903869629,10.847975730895996,10.011509895324707,10.26491641998291,209582095.0
2021-10-12,10.051956176757812,10.051956176757812,10.345335960388184,9.667859077453613,10.345335960388184,202315587.0
2021-10-13,10.352361679077148,10.352361679077148,10.633541107177734,9.755569458007812,10.044486045837402,353945890.0
2021-10-14,10.717194557189941,10.717194557189941,10.817194938659668,10.105222702026367,10.278977394104004,268899271.0
2021-10-15,11.056840896606445,11.056840896606445,11.326236724853516,10.402608871459961,10.758106231689453,313332249.0
2021-10-16,11.383705139160156,11.383705139160156,11.8682861328125,10.88640308380127,11.0782470703125,350001027.0
2021-10-17,11.170611381530762,11.170611381530762,11.783623695373535,10.731014251708984,11.386240005493164,252174618.0
2021-10-18,10.793227195739746,10.793227195739746,11.326168060302734,10.70740795135498,11.13737678527832,165471300.0
2021-10-19,10.72610855102539,10.72610855102539,11.027017593383789,10.510462760925293,10.807426452636719,174937875.0
2021-10-20,11.512282371520996,11.512282371520996,11.580636024475098,10.484086990356445,10.718412399291992,256247215.0
2021-10-21,10.895729064941406,10.895729064941406,11.711687088012695,10.807206153869629,11.529824256896973,288331475.0
2021-10-22,10.683549880981445,10.683549880981445,11.349669456481934,10.61223316192627,10.89571475982666,184859452.0
2021-10-23,11.009556770324707,11.009556770324707,11.040621757507324,10.530664443969727,10.683653831481934,173490096.0
2021-10-24,10.542661666870117,10.542661666870117,11.141711235046387,10.234728813171387,10.998481750488281,228271331.0
2021-10-25,10.758832931518555,10.758832931518555,10.770416259765625,10.48598861694336,10.537148475646973,161845397.0
2021-10-26,11.370118141174316,11.370118141174316,12.142793655395508,10.743058204650879,10.756148338317871,543822603.0
2021-10-27,10.153531074523926,10.153531074523926,12.203551292419434,10.153531074523926,11.370826721191406,491965849.0
2021-10-28,10.982619285583496,10.982619285583496,11.017948150634766,10.124594688415527,10.143646240234375,316636859.0
2021-10-29,11.426837921142578,11.426837921142578,11.768348693847656,10.898634910583496,10.981212615966797,271263966.0
2021-10-30,11.07793140411377,11.07793140411377,11.460846900939941,10.840885162353516,11.428873062133789,166167832.0
2021-10-31,10.844766616821289,10.844766616821289,11.277624130249023,10.599129676818848,11.089455604553223,220381696.0
2021-11-01,12.759526252746582,12.759526252746582,13.101192474365234,10.56488037109375,10.848245620727539,796807204.0
2021-11-02,12.112858772277832,12.112858772277832,12.800435066223145,12.084763526916504,12.769014358520508,341949019.0
2021-11-03,13.43404483795166,13.43404483795166,13.43404483795166,11.897538185119629,12.117244720458984,532727542.0
2021-11-04,12.982298851013184,12.982298851013184,13.431639671325684,12.086372375488281,13.431639671325684,381151687.0
2021-11-05,12.180068016052246,12.180068016052246,13.213790893554688,12.151802062988281,12.977503776550293,230664694.0
2021-11-06,11.836989402770996,11.836989402770996,12.221715927124023,11.34739875793457,12.146106719970703,265680389.0
2021-11-07,12.094512939453125,12.094512939453125,12.274169921875,11.565978050231934,11.860162734985352,225409218.0
2021-11-08,12.314434051513672,12.314434051513672,12.322845458984375,11.963399887084961,12.1054048538208,196045688.0
2021-11-09,11.973020553588867,11.973020553588867,12.444160461425781,11.971736907958984,12.309171676635742,236425402.0
2021-11-10,11.11105728149414,11.11105728149414,12.254202842712402,10.59819507598877,11.964956283569336,415230335.0
2021-11-11,11.189000129699707,11.189000129699707,11.407898902893066,10.939474105834961,11.117207527160645,183813749.0
2021-11-12,10.96634292602539,10.96634292602539,11.388269424438477,10.566665649414062,11.151632308959961,182675037.0
2021-11-13,11.201628684997559,11.201628684997559,11.218326568603516,10.70055866241455,10.98001766204834,134228593.0
2021-11-14,11.049034118652344,11.049034118652344,11.29831314086914,10.78260326385498,11.19088077545166,104976722.0
2021-11-15,10.330018997192383,10.330018997192383,11.20891284942627,10.330018997192383,11.05370807647705,186149771.0
2021-11-16,9.671527862548828,9.671527862548828,10.357064247131348,9.184629440307617,10.357064247131348,316065451.0
2021-11-17,9.740130424499512,9.740130424499512,10.089604377746582,9.591900825500488,9.665477752685547,207763843.0
2021-11-18,8.794918060302734,8.794918060302734,10.140308380126953,8.635842323303223,9.742088317871094,372536056.0
2021-11-19,9.020269393920898,9.020269393920898,9.335163116455078,8.651301383972168,8.786624908447266,214342167.0
2021-11-20,9.042113304138184,9.042113304138184,9.233713150024414,8.709258079528809,9.010068893432617,196203211.0
2021-11-21,8.756037712097168,8.756037712097168,9.163000106811523,8.692787170410156,9.04761791229248,201094150.0
2021-11-22,8.224489212036133,8.224489212036133,8.762903213500977,8.135093688964844,8.758063316345215,257868537.0
2021-11-23,8.365616798400879,8.365616798400879,8.648493766784668,8.154824256896973,8.23445987701416,224612082.0
2021-11-24,8.19081974029541,8.19081974029541,8.476555824279785,7.833454132080078,8.368715286254883,226800851.0
2021-11-25,8.044881820678711,8.044881820678711,8.385767936706543,7.671853065490723,7.963212013244629,205625074.0
2021-11-26,6.995212078094482,6.995212078094482,8.421751022338867,6.879281044006348,8.192992210388184,436068986.0
2021-11-27,7.059199810028076,7.059199810028076,7.3387041091918945,6.964808940887451,7.018877983093262,167050343.0
2021-11-28,7.923756122589111,7.923756122589111,8.035000801086426,6.680458068847656,7.0642571449279785,412731499.0
2021-11-29,7.477692127227783,7.477692127227783,8.150995254516602,7.456783771514893,7.94253396987915,333615663.0
2021-11-30,8.011110305786133,8.011110305786133,8.017959594726562,7.221057891845703,7.469119071960449,295011271.0
2021-12-01,7.561188220977783,7.561188220977783,8.188090324401855,7.52204704284668,8.021777153015137,245008014.0
2021-12-02,7.370133876800537,7.370133876800537,7.604816913604736,7.202844142913818,7.556293964385986,200938252.0
2021-12-03,6.833408832550049,6.833408832550049,7.4822797775268555,6.631768226623535,7.3765740394592285,194371371.0
2021-12-04,5.832496166229248,5.832496166229248,6.875301837921143,4.406209945678711,6.85561990737915,556925536.0
2021-12-05,5.281946182250977,5.281946182250977,5.9750800132751465,5.089587211608887,5.826484203338623,217812026.0
2021-12-06,6.297181129455566,6.297181129455566,6.454535961151123,4.813302993774414,5.280961036682129,470317590.0
2021-12-07,5.875823974609375,5.875823974609375,6.424205780029297,5.793854236602783,6.321226119995117,308354506.0
2021-12-08,6.603957176208496,6.603957176208496,6.8818440437316895,5.642801761627197,5.87306022644043,455508781.0
2021-12-09,5.5196380615234375,5.5196380615234375,6.618348121643066,5.423894882202148,6.600812911987305,267868450.0
2021-12-10,5.094106197357178,5.094106197357178,5.688660144805908,5.071654796600342,5.5187177658081055,216872552.0
2021-12-11,5.729331970214844,5.729331970214844,5.77332878112793,5.033870220184326,5.100138187408447,266785361.0
2021-12-12,5.582426071166992,5.582426071166992,5.726461887359619,5.350502967834473,5.721957206726074,130295896.0
2021-12-13,5.632768154144287,5.632768154144287,6.311229228973389,5.282066822052002,5.587953090667725,764048552.0
2021-12-14,5.734066009521484,5.734066009521484,5.893312931060791,5.377504825592041,5.639735221862793,398523294.0
2021-12-15,5.934909820556641,5.934909820556641,6.093307018280029,5.623717784881592,5.740188121795654,350697723.0
2021-12-16,5.69169807434082,5.69169807434082,6.197053909301758,5.653244972229004,5.951206207275391,223882649.0
2021-12-17,5.519614219665527,5.519614219665527,5.833011150360107,5.362567901611328,5.694663047790527,202266529.0
2021-12-18,5.6038970947265625,5.6038970947265625,5.861649036407471,5.454452991485596,5.520616054534912,236728843.0
2021-12-19,5.3251051902771,5.3251051902771,5.634096145629883,5.31346321105957,5.605160236358643,162275398.0
2021-12-20,5.451131820678711,5.451131820678711,5.526943206787109,5.0872578620910645,5.326416969299316,154476196.0
2021-12-21,5.845859050750732,5.845859050750732,5.845859050750732,5.338280200958252,5.449621200561523,202470540.0
2021-12-22,6.371463775634766,6.371463775634766,6.507236957550049,5.620595932006836,5.833125114440918,359950917.0
2021-12-23,7.273238182067871,7.273238182067871,7.48170280456543,6.227668762207031,6.373857021331787,705402417.0
2021-12-24,7.952589988708496,7.952589988708496,7.991306781768799,7.07993221282959,7.306106090545654,630348224.0
2021-12-25,7.5845770835876465,7.5845770835876465,8.112832069396973,7.233938217163086,7.965887069702148,397633677.0
2021-12-26,7.931096076965332,7.931096076965332,7.967441082000732,7.164934158325195,7.609222888946533,367212201.0
2021-12-27,9.150152206420898,9.150152206420898,9.536287307739258,7.622043132781982,7.929011821746826,779613528.0
2021-12-28,9.055363655090332,9.055363655090332,9.74206256866455,8.441563606262207,9.139511108398438,1284650654.0
2021-12-29,9.194998741149902,9.194998741149902,9.924872398376465,8.802785873413086,9.06596565246582,872913937.0
2021-12-30,10.250205039978027,10.250205039978027,10.609813690185547,8.789050102233887,9.251193046569824,862802199.0
2021-12-31,9.446624755859375,9.446624755859375,10.365019798278809,9.378416061401367,10.255728721618652,589169051.0
2022-01-01,9.132406234741211,9.132406234741211,9.480890274047852,9.075261116027832,9.447378158569336,343571002.0
2022-01-02,8.964705467224121,8.964705467224121,9.347909927368164,8.85369873046875,9.13101863861084,324862232.0
2022-01-03,8.509931564331055,8.509931564331055,9.429231643676758,8.473267555236816,8.96474838256836,413857519.0
2022-01-04,8.061358451843262,8.061358451843262,8.743559837341309,8.015726089477539,8.510234832763672,588033031.0
2022-01-05,7.68069314956665,7.68069314956665,8.999578475952148,7.3838348388671875,8.062332153320312,673650073.0
2022-01-06,7.461421966552734,7.461421966552734,7.814055919647217,7.159843921661377,7.679697036743164,373166518.0
2022-01-07,7.155685901641846,7.155685901641846,7.463158130645752,6.510118007659912,7.458796977996826,537465203.0
2022-01-08,6.5888190269470215,6.5888190269470215,7.264513969421387,6.338697910308838,7.155561923980713,304228329.0
2022-01-09,6.929728031158447,6.929728031158447,7.178269863128662,6.5485382080078125,6.588625907897949,271479928.0
2022-01-10,6.583754062652588,6.583754062652588,7.152101039886475,6.299267768859863,6.93009090423584,331494497.0
2022-01-11,6.9700398445129395,6.9700398445129395,7.080267906188965,6.50455379486084,6.582324981689453,255562213.0
2022-01-12,7.118597030639648,7.118597030639648,7.270671844482422,6.966172218322754,6.9715471267700195,323977401.0
2022-01-13,7.031745910644531,7.031745910644531,7.529098987579346,6.885898113250732,7.117843151092529,389249718.0
2022-01-14,7.02254581451416,7.02254581451416,7.330846786499023,6.760800838470459,7.03217887878418,269879217.0
2022-01-15,7.036098003387451,7.036098003387451,7.200562953948975,6.998398780822754,7.023237228393555,158317317.0
2022-01-16,6.9603118896484375,6.9603118896484375,7.076488018035889,6.8711838722229,7.035338878631592,151458033.0
2022-01-17,6.4416890144348145,6.4416890144348145,6.972832202911377,6.3425750732421875,6.960665225982666,202283009.0
2022-01-18,6.2196431159973145,6.2196431159973145,6.559030055999756,6.038672924041748,6.442004203796387,179536453.0
2022-01-19,6.043818950653076,6.043818950653076,6.23820686340332,5.926301002502441,6.2194390296936035,199460575.0
2022-01-20,5.798923015594482,5.798923015594482,6.579782009124756,5.798595905303955,6.044209003448486,181286290.0
2022-01-21,4.921435832977295,4.921435832977295,5.9079718589782715,4.849248886108398,5.80086088180542,364230200.0
2022-01-22,4.388926982879639,4.388926982879639,5.076393127441406,4.075541973114014,4.925419807434082,410046923.0
2022-01-23,4.654755115509033,4.654755115509033,4.749192237854004,4.325511932373047,4.3920087814331055,248026087.0
2022-01-24,4.398128032684326,4.398128032684326,4.654941082000732,3.8250460624694824,4.654941082000732,307660173.0
2022-01-25,4.5452141761779785,4.5452141761779785,4.64053201675415,4.2856669425964355,4.398500919342041,193797353.0
2022-01-26,4.2655839920043945,4.2655839920043945,4.754481792449951,4.132388114929199,4.5442352294921875,314795776.0
2022-01-27,4.057493209838867,4.057493209838867,4.283716201782227,3.8696229457855225,4.263782978057861,234818929.0
2022-01-28,4.166170120239258,4.166170120239258,4.197565078735352,3.948662042617798,4.0556721687316895,174346803.0
2022-01-29,4.173933029174805,4.173933029174805,4.306835174560547,4.126018047332764,4.1659932136535645,143527220.0
2022-01-30,4.092739105224609,4.092739105224609,4.318708896636963,4.015783786773682,4.176908016204834,128239077.0
2022-01-31,4.231651782989502,4.231651782989502,4.297920227050781,3.8877270221710205,4.092801094055176,154487715.0
2022-02-01,4.345259189605713,4.345259189605713,4.475954055786133,4.2086591720581055,4.231263160705566,159485790.0
2022-02-02,4.089270114898682,4.089270114898682,4.4344868659973145,4.064884185791016,4.345718860626221,151289428.0
2022-02-03,4.0605950355529785,4.0605950355529785,4.124740123748779,3.9507811069488525,4.088325023651123,105118744.0
2022-02-04,4.444410800933838,4.444410800933838,4.446852207183838,4.043200969696045,4.061305046081543,154139354.0
2022-02-05,4.6883111000061035,4.6883111000061035,4.887663841247559,4.433497905731201,4.44553279876709,244655914.0
2022-02-06,4.794743061065674,4.794743061065674,4.794743061065674,4.510775089263916,4.688110828399658,142039842.0
2022-02-07,4.945141792297363,4.945141792297363,4.957021236419678,4.6906280517578125,4.7939300537109375,221842760.0
2022-02-08,4.657226085662842,4.657226085662842,5.070301055908203,4.531818866729736,4.9464569091796875,242657301.0
2022-02-09,4.7535271644592285,4.7535271644592285,4.7829389572143555,4.566253185272217,4.655628204345703,144202491.0
2022-02-10,4.41473388671875,4.41473388671875,4.8273701667785645,4.400829792022705,4.754180908203125,217960372.0
2022-02-11,4.093140125274658,4.093140125274658,4.504176139831543,4.06403112411499,4.414693832397461,175448127.0
2022-02-12,4.15078592300415,4.15078592300415,4.2639241218566895,4.039039134979248,4.093203067779541,125076149.0
2022-02-13,4.052000045776367,4.052000045776367,4.241995811462402,3.9978621006011963,4.150108814239502,91747904.0
2022-02-14,4.10362434387207,4.10362434387207,4.116604804992676,3.975877046585083,4.039734840393066,110126632.0
